-- --------------------------------------------------------
-- Host:                         127.0.0.1
-- Versión del servidor:         8.0.30 - MySQL Community Server - GPL
-- SO del servidor:              Win64
-- HeidiSQL Versión:             12.1.0.6537
-- --------------------------------------------------------

/*!40101 SET @OLD_CHARACTER_SET_CLIENT=@@CHARACTER_SET_CLIENT */;
/*!40101 SET NAMES utf8 */;
/*!50503 SET NAMES utf8mb4 */;
/*!40103 SET @OLD_TIME_ZONE=@@TIME_ZONE */;
/*!40103 SET TIME_ZONE='+00:00' */;
/*!40014 SET @OLD_FOREIGN_KEY_CHECKS=@@FOREIGN_KEY_CHECKS, FOREIGN_KEY_CHECKS=0 */;
/*!40101 SET @OLD_SQL_MODE=@@SQL_MODE, SQL_MODE='NO_AUTO_VALUE_ON_ZERO' */;
/*!40111 SET @OLD_SQL_NOTES=@@SQL_NOTES, SQL_NOTES=0 */;


-- Volcando estructura de base de datos para cobi_2.0
CREATE DATABASE IF NOT EXISTS `cobi_2.0` /*!40100 DEFAULT CHARACTER SET utf8mb4 COLLATE utf8mb4_spanish_ci */ /*!80016 DEFAULT ENCRYPTION='N' */;
USE `cobi_2.0`;

-- Volcando estructura para tabla cobi_2.0.alias
CREATE TABLE IF NOT EXISTS `alias` (
  `alias_id` int NOT NULL AUTO_INCREMENT,
  `sucursal_id` int NOT NULL,
  `alias_nombre` varchar(50) CHARACTER SET utf8mb3 COLLATE utf8mb3_spanish_ci DEFAULT NULL,
  `turno_id` int DEFAULT NULL,
  `ruta_id` int DEFAULT NULL,
  `estatus` int DEFAULT NULL,
  `created_at` timestamp NULL DEFAULT NULL,
  `updated_at` timestamp NULL DEFAULT NULL,
  PRIMARY KEY (`alias_id`) USING BTREE,
  KEY `FK_alias_sucursales` (`sucursal_id`),
  KEY `FK_alias_turnos` (`turno_id`),
  KEY `FK_alias_rutas` (`ruta_id`),
  CONSTRAINT `FK_alias_rutas` FOREIGN KEY (`ruta_id`) REFERENCES `rutas` (`ruta_id`),
  CONSTRAINT `FK_alias_sucursales` FOREIGN KEY (`sucursal_id`) REFERENCES `sucursales` (`sucursal_id`),
  CONSTRAINT `FK_alias_turnos` FOREIGN KEY (`turno_id`) REFERENCES `turnos` (`turno_id`)
) ENGINE=InnoDB AUTO_INCREMENT=108 DEFAULT CHARSET=utf8mb3 COLLATE=utf8mb3_spanish_ci;

-- Volcando datos para la tabla cobi_2.0.alias: ~5 rows (aproximadamente)
DELETE FROM `alias`;
INSERT INTO `alias` (`alias_id`, `sucursal_id`, `alias_nombre`, `turno_id`, `ruta_id`, `estatus`, `created_at`, `updated_at`) VALUES
	(0, 0, '-', 0, 0, 0, '2023-03-17 20:09:31', NULL),
	(2, 1, 'ENCINOS', 1, 52, 0, '2023-03-17 17:45:07', NULL),
	(3, 1, 'FRANCISCO VILLA', 1, 53, 0, '2023-03-17 17:45:53', NULL),
	(4, 1, 'CENTRO KANASIN', 1, 54, 0, '2023-03-17 17:46:17', NULL),
	(5, 1, 'FINCA', 1, 55, 0, '2023-03-17 17:50:56', NULL),
	(6, 1, 'PABLO MORENO', 1, 56, 0, '2023-03-17 17:51:17', NULL),
	(7, 1, 'Villas Oriente l', 1, 57, 0, '2023-03-17 17:51:37', NULL),
	(8, 1, 'Villas Oriente ll', 1, 58, 0, '2023-03-17 17:51:58', NULL),
	(9, 1, 'FLOR DE MAYO', 1, 59, 0, '2023-03-17 17:52:13', NULL),
	(10, 1, 'SAN CAMILO l', 1, 60, 0, '2023-03-17 17:52:27', NULL),
	(11, 1, 'SAN CAMILO ll', 1, 61, 0, '2023-03-17 17:52:43', NULL),
	(12, 1, 'REPARTO GRANJAS', 1, 62, 0, '2023-03-17 17:52:58', NULL),
	(13, 1, 'SANTA ISABEL', 1, 63, 0, '2023-03-17 17:53:18', NULL),
	(14, 1, 'HECTOR VICTORIA', 1, 64, 0, '2023-03-17 17:53:33', NULL),
	(15, 1, 'MULCHECHEN', 1, 65, 0, '2023-03-17 17:53:48', NULL),
	(16, 1, 'LEONA VICARIO', 1, 66, 0, '2023-03-17 17:54:02', NULL),
	(17, 1, 'Piedra de agua', 1, 67, 0, '2023-03-17 17:54:17', NULL),
	(18, 1, 'PRIVADA CAMPESTRE', 1, 68, 0, '2023-03-17 17:54:34', NULL),
	(19, 1, 'ALTABRISA', 1, 69, 0, '2023-03-17 17:54:53', NULL),
	(20, 1, 'CORDEMEX', 1, 70, 0, '2023-03-17 17:55:12', NULL),
	(21, 1, 'LA CEIBA', 1, 72, 0, '2023-03-17 17:55:26', NULL),
	(22, 1, 'CHABLEKAL', 1, 73, 0, '2023-03-17 17:55:40', NULL),
	(23, 1, 'SANTA GERTRUDIS COPO', 1, 74, 0, '2023-03-17 17:55:54', NULL),
	(24, 1, 'CHOLUL', 1, 75, 0, '2023-03-17 17:56:19', NULL),
	(25, 1, 'VISTA ALEGRE NORTE', 1, 76, 0, '2023-03-17 17:56:35', NULL),
	(26, 1, 'LEANDRO VALLE', 1, 78, 0, '2023-03-17 17:56:49', NULL),
	(27, 1, 'PINOS', 1, 79, 0, '2023-03-17 17:57:06', NULL),
	(28, 1, 'POLIGONO', 1, 80, 0, '2023-03-17 17:57:20', NULL),
	(29, 1, 'BRISAS', 1, 81, 0, '2023-03-17 17:57:35', NULL),
	(30, 1, 'SAN ESTEBAN', 1, 82, 0, '2023-03-17 17:58:06', NULL),
	(31, 1, 'SAN ANTONIO XLUCH', 1, 94, 0, '2023-03-17 17:58:21', NULL),
	(32, 1, 'EMILIANO ZAPATA SUR', 1, 95, 0, '2023-03-17 17:58:36', NULL),
	(33, 1, 'SAN LUIS', 1, 96, 0, '2023-03-17 17:58:51', NULL),
	(34, 1, 'COMISARIAS', 1, 97, 0, '2023-03-17 17:59:05', NULL),
	(35, 1, 'PLAN DE AYALA SUR', 1, 98, 0, '2023-03-17 17:59:19', NULL),
	(36, 1, 'SAN JOSE TECOH', 1, 99, 0, '2023-03-17 17:59:35', NULL),
	(37, 1, 'VILLA MAGNA DEL SUR', 1, 100, 0, '2023-03-17 17:59:49', NULL),
	(38, 1, 'HEROES', 1, 75, 0, '2023-03-17 18:00:04', NULL),
	(39, 1, 'HEROES Y COMISARIAS', 1, 76, 0, '2023-03-17 18:00:18', NULL),
	(40, 1, 'ZIAN KAN', 1, 103, 0, '2023-03-17 18:00:34', NULL),
	(41, 1, 'HERRADURA', 1, 104, 0, '2023-03-17 18:00:49', NULL),
	(42, 1, 'LOS ALMENDROS', 1, 105, 0, '2023-03-17 18:01:02', NULL),
	(43, 1, 'ALMENDROS II', 1, 106, 0, '2023-03-17 18:01:16', NULL),
	(44, 1, 'JARDINES I', 1, 107, 0, '2023-03-17 18:01:34', NULL),
	(45, 1, 'JARDINES II', 1, 108, 0, '2023-03-17 18:01:48', NULL),
	(46, 1, 'CABALLERIZAS', 1, 71, 0, '2023-03-17 18:02:03', NULL),
	(47, 1, 'Caja Abierta', 1, 121, 0, '2023-03-17 18:02:17', NULL),
	(48, 1, 'COMERCIOS FORANEO', 1, 43, 0, '2023-03-17 18:02:35', NULL),
	(49, 1, 'UMAN', 1, 43, 0, '2023-03-17 18:02:51', NULL),
	(50, 1, 'COMERCIO NORTE', 1, 43, 0, '2023-03-17 18:03:15', NULL),
	(51, 1, 'COMERCIO DISTRITO II', 1, 43, 0, '2023-03-17 18:03:50', NULL),
	(52, 1, 'ROLL OFF', 1, 43, 0, '2023-03-17 18:04:11', NULL),
	(53, 1, 'GRAN SAN PEDRO', 1, 77, 0, '2023-03-17 18:04:32', NULL),
	(54, 1, 'VOLQUETE', 1, 121, 0, '2023-03-17 18:05:09', NULL),
	(55, 1, 'Bachoco - Servicios', 1, 43, 0, '2023-03-17 18:05:32', NULL),
	(56, 1, 'APOYO', 1, 127, 0, '2023-03-17 18:06:00', NULL),
	(57, 1, 'CHOLUL', 1, 101, 0, '2023-03-17 18:06:14', NULL),
	(58, 1, 'VISTA ALEGRE NORTE', 1, 102, 0, '2023-03-17 18:06:29', NULL),
	(59, 1, 'XELPAC', 1, 128, 0, '2023-03-17 18:06:44', NULL),
	(60, 1, 'AMALIA SOLORZANO', 1, 59, 0, '2023-03-17 18:06:57', NULL),
	(61, 1, 'GRAN VISTANA', 1, 129, 0, '2023-03-17 18:07:14', NULL),
	(62, 1, 'COCOYOLES', 1, 130, 0, '2023-03-17 18:07:27', NULL),
	(63, 1, 'COCOS', 1, 131, 0, '2023-03-17 18:07:42', NULL),
	(64, 1, 'CHICHI SUAREZ', 1, 125, 0, '2023-03-17 18:07:57', NULL),
	(65, 1, 'PIEDRA DE AGUA', 1, 133, 0, '2023-03-17 18:08:11', NULL),
	(66, 1, 'MINI ROLL OFF', 1, 43, 0, '2023-03-17 18:08:25', NULL),
	(67, 1, 'Uman poniente', 1, 134, 0, '2023-03-17 18:08:38', NULL),
	(68, 1, 'Uman sur', 1, 135, 0, '2023-03-17 18:08:52', NULL),
	(69, 1, 'Uman oriente', 1, 136, 0, '2023-03-17 18:09:05', NULL),
	(70, 1, 'Uman norte', 1, 137, 0, '2023-03-17 18:09:19', NULL),
	(71, 1, 'Uman centro', 1, 138, 0, '2023-03-17 18:09:33', NULL),
	(72, 1, 'Uman comisaria', 1, 139, 0, '2023-03-17 18:09:50', NULL),
	(73, 1, 'ROLL OFF', 1, 121, 0, '2023-03-17 18:10:03', NULL),
	(74, 1, 'MINI ROLL OFF', 1, 121, 0, '2023-03-17 18:10:16', NULL),
	(75, 1, 'NOVA', 1, 43, 0, '2023-03-17 18:10:34', NULL),
	(76, 1, 'Camioneta', 1, 121, 0, '2023-03-17 18:10:48', NULL),
	(77, 1, 'GONDOLA', 1, 121, 0, '2023-03-17 18:11:02', NULL),
	(78, 1, 'COMPACTADORA', 1, 121, 0, '2023-03-17 18:11:15', NULL),
	(79, 1, 'BUENAVISTA', 1, 83, 0, '2023-03-17 18:11:28', NULL),
	(80, 1, 'CAMPESTRE', 2, 84, 0, '2023-03-17 18:11:49', NULL),
	(81, 1, 'BENITO JUAREZ', 2, 85, 0, '2023-03-17 18:12:04', NULL),
	(82, 1, 'MONTES DE AME', 2, 86, 0, '2023-03-17 18:12:16', NULL),
	(83, 1, 'MONTEBELLO', 2, 87, 0, '2023-03-17 18:12:31', NULL),
	(84, 1, 'MAYA', 2, 88, 0, '2023-03-17 18:12:44', NULL),
	(85, 1, 'JARDINES DE VISTA ALEGRE NOCTURNO', 2, 89, 0, '2023-03-17 18:13:02', NULL),
	(86, 1, 'DIAZ ORDAZ', 2, 90, 0, '2023-03-17 18:13:16', NULL),
	(87, 1, 'SAN ANTONIO CINTA', 2, 91, 0, '2023-03-17 18:13:29', NULL),
	(88, 1, 'MEXICO', 2, 92, 0, '2023-03-17 18:13:43', NULL),
	(89, 1, 'ITZIMNA', 2, 93, 0, '2023-03-17 18:13:56', NULL),
	(90, 1, 'SAN MARCOS', 2, 109, 0, '2023-03-17 18:14:09', NULL),
	(91, 1, 'ROBLE', 2, 110, 0, '2023-03-17 18:14:23', NULL),
	(92, 1, 'DIAMANTE', 2, 111, 0, '2023-03-17 18:14:52', NULL),
	(93, 1, 'TIXCACAL', 2, 112, 0, '2023-03-17 18:15:05', NULL),
	(94, 1, 'SUSULA XOCLAN', 2, 113, 0, '2023-03-17 18:15:18', NULL),
	(95, 1, 'OBRERA', 2, 114, 0, '2023-03-17 18:15:31', NULL),
	(96, 1, 'CASTILLA CAMARA', 2, 115, 0, '2023-03-17 18:15:44', NULL),
	(97, 1, 'CENTRO', 2, 116, 0, '2023-03-17 18:15:57', NULL),
	(98, 1, 'CINCO COLONIAS', 2, 117, 0, '2023-03-17 18:16:09', NULL),
	(99, 1, 'YUCALPETEN', 2, 118, 0, '2023-03-17 18:16:22', NULL),
	(100, 1, 'MULSAY', 2, 119, 0, '2023-03-17 18:16:36', NULL),
	(101, 1, 'INDUSTRIAL', 2, 43, 0, '2023-03-17 18:16:49', NULL),
	(102, 1, 'COMERCIO NOCTURNO', 2, 43, 0, '2023-03-17 18:17:00', NULL),
	(103, 1, 'SAN RAMON NORTE', 2, 123, 0, '2023-03-17 18:17:14', NULL),
	(104, 1, 'MELITON SALAZAR', 2, 132, 0, '2023-03-17 18:17:28', NULL),
	(105, 1, 'NUEVA YUCATAN', 1, 140, 0, '2023-03-17 18:18:42', NULL),
	(106, 1, 'CHICHI SUAREZ', 1, 141, 0, '2023-03-17 18:18:55', NULL);

-- Volcando estructura para tabla cobi_2.0.asignaciones
CREATE TABLE IF NOT EXISTS `asignaciones` (
  `asignacion_id` int NOT NULL AUTO_INCREMENT,
  `sucursal_id` int NOT NULL,
  `asignacion_nombre` varchar(50) CHARACTER SET utf8mb3 COLLATE utf8mb3_spanish_ci NOT NULL,
  `estatus` int NOT NULL,
  `created_at` timestamp NOT NULL,
  `updated_at` timestamp NULL DEFAULT NULL,
  PRIMARY KEY (`asignacion_id`),
  KEY `FK_asignaciones_sucursales` (`sucursal_id`),
  CONSTRAINT `FK_asignaciones_sucursales` FOREIGN KEY (`sucursal_id`) REFERENCES `sucursales` (`sucursal_id`)
) ENGINE=InnoDB AUTO_INCREMENT=5 DEFAULT CHARSET=utf8mb3 COLLATE=utf8mb3_spanish_ci;

-- Volcando datos para la tabla cobi_2.0.asignaciones: ~4 rows (aproximadamente)
DELETE FROM `asignaciones`;
INSERT INTO `asignaciones` (`asignacion_id`, `sucursal_id`, `asignacion_nombre`, `estatus`, `created_at`, `updated_at`) VALUES
	(1, 1, 'SANA', 0, '2023-03-15 22:05:59', NULL),
	(2, 1, 'CORBASE', 0, '2023-03-15 22:05:59', NULL),
	(3, 1, 'KANASIN', 0, '2023-03-15 22:05:59', NULL),
	(4, 1, 'UMAN', 0, '2023-03-15 22:05:59', NULL);

-- Volcando estructura para tabla cobi_2.0.destinofinal
CREATE TABLE IF NOT EXISTS `destinofinal` (
  `destinofinal_id` int NOT NULL AUTO_INCREMENT,
  `sucursal_id` int NOT NULL,
  `destinofinal_nombre` varchar(50) CHARACTER SET utf8mb3 COLLATE utf8mb3_spanish_ci NOT NULL,
  `estatus` int NOT NULL,
  `created_at` timestamp NOT NULL,
  `updated_at` timestamp NULL DEFAULT NULL,
  PRIMARY KEY (`destinofinal_id`) USING BTREE,
  KEY `FK_destinofinal_sucursales` (`sucursal_id`),
  CONSTRAINT `FK_destinofinal_sucursales` FOREIGN KEY (`sucursal_id`) REFERENCES `sucursales` (`sucursal_id`)
) ENGINE=InnoDB AUTO_INCREMENT=13 DEFAULT CHARSET=utf8mb3 COLLATE=utf8mb3_spanish_ci;

-- Volcando datos para la tabla cobi_2.0.destinofinal: ~12 rows (aproximadamente)
DELETE FROM `destinofinal`;
INSERT INTO `destinofinal` (`destinofinal_id`, `sucursal_id`, `destinofinal_nombre`, `estatus`, `created_at`, `updated_at`) VALUES
	(0, 0, '-', 0, '2023-03-17 20:11:04', NULL),
	(1, 1, 'VEOLIA', 0, '2023-03-15 22:05:59', NULL),
	(2, 1, 'KANASIN', 0, '2023-03-15 22:05:59', NULL),
	(3, 1, 'YUVA', 0, '2023-03-15 22:05:59', NULL),
	(4, 1, 'MEINSUR', 0, '2023-03-15 22:05:59', NULL),
	(5, 1, 'SCR RECICLADOS', 0, '2023-03-15 22:05:59', NULL),
	(6, 1, 'CEMEX', 0, '2023-03-15 22:05:59', NULL),
	(7, 1, 'CHUNCHIL', 0, '2023-03-15 22:05:59', NULL),
	(8, 1, 'RECUPERADORA DE CARTON DEL SURESTE', 0, '2023-03-15 22:05:59', NULL),
	(9, 1, 'KEKEN UMAN', 0, '2023-03-15 22:05:59', NULL),
	(10, 1, 'RSUMAN', 0, '2023-03-15 22:05:59', NULL),
	(11, 1, 'SAU', 0, '2023-03-15 22:05:59', NULL);

-- Volcando estructura para tabla cobi_2.0.empresas
CREATE TABLE IF NOT EXISTS `empresas` (
  `empresa_id` int NOT NULL AUTO_INCREMENT,
  `empresa_nombre` varchar(50) CHARACTER SET utf8mb3 COLLATE utf8mb3_spanish_ci NOT NULL,
  `estatus` int NOT NULL,
  `created_at` timestamp NOT NULL,
  `updated_at` timestamp NULL DEFAULT NULL,
  PRIMARY KEY (`empresa_id`) USING BTREE
) ENGINE=InnoDB AUTO_INCREMENT=3 DEFAULT CHARSET=utf8mb3 COLLATE=utf8mb3_spanish_ci;

-- Volcando datos para la tabla cobi_2.0.empresas: ~2 rows (aproximadamente)
DELETE FROM `empresas`;
INSERT INTO `empresas` (`empresa_id`, `empresa_nombre`, `estatus`, `created_at`, `updated_at`) VALUES
	(0, 'general', 0, '2023-03-17 20:07:13', NULL),
	(1, 'sana', 0, '2023-03-16 17:51:07', NULL);

-- Volcando estructura para tabla cobi_2.0.grupos
CREATE TABLE IF NOT EXISTS `grupos` (
  `grupo_id` int NOT NULL AUTO_INCREMENT,
  `sucursal_id` int NOT NULL,
  `grupo_nombre` varchar(50) CHARACTER SET utf8mb4 COLLATE utf8mb4_spanish_ci NOT NULL,
  `permisos` text CHARACTER SET utf8mb4 COLLATE utf8mb4_spanish_ci NOT NULL,
  `estatus` int NOT NULL,
  `created_at` timestamp NOT NULL,
  `updated_at` timestamp NULL DEFAULT NULL,
  PRIMARY KEY (`grupo_id`) USING BTREE,
  KEY `FK_grupos_sucursales` (`sucursal_id`),
  CONSTRAINT `FK_grupos_sucursales` FOREIGN KEY (`sucursal_id`) REFERENCES `sucursales` (`sucursal_id`)
) ENGINE=InnoDB AUTO_INCREMENT=3 DEFAULT CHARSET=utf8mb4 COLLATE=utf8mb4_spanish_ci;

-- Volcando datos para la tabla cobi_2.0.grupos: ~2 rows (aproximadamente)
DELETE FROM `grupos`;
INSERT INTO `grupos` (`grupo_id`, `sucursal_id`, `grupo_nombre`, `permisos`, `estatus`, `created_at`, `updated_at`) VALUES
	(1, 0, 'Administrador', 'a:70:{i:0;s:13:"createEmpresa";i:1;s:13:"updateEmpresa";i:2;s:11:"viewEmpresa";i:3;s:13:"deleteEmpresa";i:4;s:16:"createSucursales";i:5;s:16:"updateSucursales";i:6;s:14:"viewSucursales";i:7;s:16:"deleteSucursales";i:8;s:16:"createVigilancia";i:9;s:16:"updateVigilancia";i:10;s:14:"viewVigilancia";i:11;s:16:"deleteVigilancia";i:12;s:17:"createSupervision";i:13;s:17:"updateSupervision";i:14;s:15:"viewSupervision";i:15;s:17:"deleteSupervision";i:16;s:16:"createSupervisor";i:17;s:16:"updateSupervisor";i:18;s:14:"viewSupervisor";i:19;s:16:"deleteSupervisor";i:20;s:11:"createTurno";i:21;s:11:"updateTurno";i:22;s:9:"viewTurno";i:23;s:11:"deleteTurno";i:24;s:10:"createRuta";i:25;s:10:"updateRuta";i:26;s:8:"viewRuta";i:27;s:10:"deleteRuta";i:28;s:11:"createAlias";i:29;s:11:"updateAlias";i:30;s:9:"viewAlias";i:31;s:11:"deleteAlias";i:32;s:14:"createOperador";i:33;s:14:"updateOperador";i:34;s:12:"viewOperador";i:35;s:14:"deleteOperador";i:36;s:16:"createRecolector";i:37;s:16:"updateRecolector";i:38;s:14:"viewRecolector";i:39;s:16:"deleteRecolector";i:40;s:12:"createUnidad";i:41;s:12:"updateUnidad";i:42;s:10:"viewUnidad";i:43;s:12:"deleteUnidad";i:44;s:18:"createDestinoFinal";i:45;s:18:"updateDestinoFinal";i:46;s:16:"viewDestinoFinal";i:47;s:18:"deleteDestinoFinal";i:48;s:12:"createTicket";i:49;s:12:"updateTicket";i:50;s:10:"viewTicket";i:51;s:12:"deleteTicket";i:52;s:13:"createReporte";i:53;s:13:"updateReporte";i:54;s:11:"viewReporte";i:55;s:13:"deleteReporte";i:56;s:20:"createEditarRegistro";i:57;s:20:"updateEditarRegistro";i:58;s:18:"viewEditarRegistro";i:59;s:20:"deleteEditarRegistro";i:60;s:11:"viewProfile";i:61;s:13:"updateSetting";i:62;s:10:"createUser";i:63;s:10:"updateUser";i:64;s:8:"viewUser";i:65;s:10:"deleteUser";i:66;s:11:"createGroup";i:67;s:11:"updateGroup";i:68;s:9:"viewGroup";i:69;s:11:"deleteGroup";}', 0, '2023-03-16 17:53:20', NULL),
	(2, 1, 'vigilante', 'a:14:{i:0;s:16:"createVigilancia";i:1;s:16:"updateVigilancia";i:2;s:14:"viewVigilancia";i:3;s:16:"deleteVigilancia";i:4;s:14:"createOperador";i:5;s:14:"updateOperador";i:6;s:12:"viewOperador";i:7;s:14:"deleteOperador";i:8;s:16:"createRecolector";i:9;s:16:"updateRecolector";i:10;s:14:"viewRecolector";i:11;s:16:"deleteRecolector";i:12;s:11:"viewProfile";i:13;s:13:"updateSetting";}', 0, '2023-03-17 18:38:23', NULL);

-- Volcando estructura para tabla cobi_2.0.operadores
CREATE TABLE IF NOT EXISTS `operadores` (
  `operador_id` int NOT NULL AUTO_INCREMENT,
  `sucursal_id` int NOT NULL,
  `operador_nombre` varchar(50) CHARACTER SET utf8mb3 COLLATE utf8mb3_spanish_ci DEFAULT NULL,
  `estatus` int DEFAULT NULL,
  `created_at` timestamp NULL DEFAULT NULL,
  `updated_at` timestamp NULL DEFAULT NULL,
  PRIMARY KEY (`operador_id`),
  KEY `FK_operadores_sucursales` (`sucursal_id`),
  CONSTRAINT `FK_operadores_sucursales` FOREIGN KEY (`sucursal_id`) REFERENCES `sucursales` (`sucursal_id`)
) ENGINE=InnoDB AUTO_INCREMENT=121 DEFAULT CHARSET=utf8mb3 COLLATE=utf8mb3_spanish_ci;

-- Volcando datos para la tabla cobi_2.0.operadores: ~120 rows (aproximadamente)
DELETE FROM `operadores`;
INSERT INTO `operadores` (`operador_id`, `sucursal_id`, `operador_nombre`, `estatus`, `created_at`, `updated_at`) VALUES
	(1, 1, 'Acosta Tun Jose Bernardo', 0, '2023-03-15 22:05:59', NULL),
	(2, 1, 'Canche Canche Jose Rosendo', 0, '2023-03-15 22:05:59', NULL),
	(3, 1, 'Cen Chan Alejandro Omar', 0, '2023-03-15 22:05:59', NULL),
	(4, 1, 'Cen Koyoc Jose Arturo', 0, '2023-03-15 22:05:59', NULL),
	(5, 1, 'Cen Mian Juan Gabriel', 0, '2023-03-15 22:05:59', NULL),
	(6, 1, 'Chan Perez Juan Manuel', 0, '2023-03-15 22:05:59', NULL),
	(7, 1, 'Chay Huh Julian', 0, '2023-03-15 22:05:59', NULL),
	(8, 1, 'Chuc Dzul Santos Eliseo', 0, '2023-03-15 22:05:59', NULL),
	(9, 1, 'De la Cruz Montero Pedro', 0, '2023-03-15 22:05:59', NULL),
	(10, 1, 'Dzib Pacheco Fernando Enrique', 0, '2023-03-15 22:05:59', NULL),
	(11, 1, 'Ek Cauich Raul Obdulio', 0, '2023-03-15 22:05:59', NULL),
	(12, 1, 'Gonzalez May Etzer Roman', 0, '2023-03-15 22:05:59', NULL),
	(13, 1, 'Ku Tapia Javier', 0, '2023-03-15 22:05:59', NULL),
	(14, 1, 'Maldonado Ojeda Ramon Bibiano', 0, '2023-03-15 22:05:59', NULL),
	(15, 1, 'Moo Amen Wilbert Jesus', 0, '2023-03-15 22:05:59', NULL),
	(16, 1, 'Moo Moo Juan Alberto', 0, '2023-03-15 22:05:59', NULL),
	(17, 1, 'Moo Moo Reyes Guadalupe', 0, '2023-03-15 22:05:59', NULL),
	(18, 1, 'Munoz Polanco Luis Adrian', 0, '2023-03-15 22:05:59', NULL),
	(19, 1, 'Navarro Vazquez Rocky de Jesus', 0, '2023-03-15 22:05:59', NULL),
	(20, 1, 'Rejon Tun Jose Alfonso', 0, '2023-03-15 22:05:59', NULL),
	(21, 1, 'Rojas Sanchez Freddy Alonso', 0, '2023-03-15 22:05:59', NULL),
	(22, 1, 'Sabido Martinez Aldemar Antonio', 0, '2023-03-15 22:05:59', NULL),
	(23, 1, 'Salazar Lopez Julio Cesar', 0, '2023-03-15 22:05:59', NULL),
	(24, 1, 'Sauri Flamenco Duglas Alberto', 0, '2023-03-15 22:05:59', NULL),
	(25, 1, 'Solis Puc Alberto', 0, '2023-03-15 22:05:59', NULL),
	(26, 1, 'Torres Zapata Lucio', 0, '2023-03-15 22:05:59', NULL),
	(27, 1, 'Tun Chable Lazaro Manuel', 0, '2023-03-15 22:05:59', NULL),
	(28, 1, 'Tun Eb Jorge Atilano', 0, '2023-03-15 22:05:59', NULL),
	(29, 1, 'Uitz Mena Rogelio Abelardo', 0, '2023-03-15 22:05:59', NULL),
	(30, 1, 'Vera Pacheco Yudy Melchor De Jesus', 0, '2023-03-15 22:05:59', NULL),
	(31, 1, 'Castro Zapata Carlos Damiel', 0, '2023-03-15 22:05:59', NULL),
	(32, 1, 'Heredia Rubio Natanael Ulises', 0, '2023-03-15 22:05:59', NULL),
	(33, 1, 'Blanco Mena Clemente Alonso', 0, '2023-03-15 22:05:59', NULL),
	(34, 1, 'Joel Alejandro Dzul Quetzal', 0, '2023-03-15 22:05:59', NULL),
	(35, 1, 'Fidel de jesus mendoza ventura', 0, '2023-03-15 22:05:59', NULL),
	(36, 1, 'Velazquez puc adrian humberto', 0, '2023-03-15 22:05:59', NULL),
	(37, 1, 'Madera Garcia Erick Gilberto', 0, '2023-03-15 22:05:59', NULL),
	(38, 1, 'Couoh Ramirez Javier Armando', 0, '2023-03-15 22:05:59', NULL),
	(39, 1, 'May Hernandez Juan Carlos', 0, '2023-03-15 22:05:59', NULL),
	(40, 1, 'cuevas castillo joel camilo', 0, '2023-03-15 22:05:59', NULL),
	(41, 1, 'Fuente Garcia Delio Manuel', 0, '2023-03-15 22:05:59', NULL),
	(42, 1, 'Mendoza Ventura Xavier Alejandro', 0, '2023-03-15 22:05:59', NULL),
	(43, 1, 'Rojas Sanchez Jose Antonio', 0, '2023-03-15 22:05:59', NULL),
	(44, 1, 'Cruz Ferraez Williams', 0, '2023-03-15 22:05:59', NULL),
	(45, 1, 'Pool Solis Reyes Gaspar', 0, '2023-03-15 22:05:59', NULL),
	(46, 1, 'GONZALEZ WONG FREDY', 0, '2023-03-15 22:05:59', NULL),
	(47, 1, 'Gomez Cobos Shelling Abraham', 0, '2023-03-15 22:05:59', NULL),
	(48, 1, 'Sosa Gamboa Jesus Armando', 0, '2023-03-15 22:05:59', NULL),
	(49, 1, 'Baas Gomez Jose Martin', 0, '2023-03-15 22:05:59', NULL),
	(50, 1, 'Varguez Contreras Ruben Homero', 0, '2023-03-15 22:05:59', NULL),
	(51, 1, 'Nolasco Mateo Alejandro', 0, '2023-03-15 22:05:59', NULL),
	(52, 1, 'Cen Chan Daniel Ezequiel', 0, '2023-03-15 22:05:59', NULL),
	(53, 1, 'Herrera Kuh Oscar Martin', 0, '2023-03-15 22:05:59', NULL),
	(54, 1, 'Luna Perez Jose Luis Ivan', 0, '2023-03-15 22:05:59', NULL),
	(55, 1, 'Ake Hu Jose Baltazar', 0, '2023-03-15 22:05:59', NULL),
	(56, 1, 'Ayil Chan Jose Arturo', 0, '2023-03-15 22:05:59', NULL),
	(57, 1, 'Fernandez Lopez Rafael Martin', 0, '2023-03-15 22:05:59', NULL),
	(58, 1, 'Xix Zapata Antonio', 0, '2023-03-15 22:05:59', NULL),
	(59, 1, 'Rodriguez Santos Julio Cesar', 0, '2023-03-15 22:05:59', NULL),
	(60, 1, 'Martin Pacheco', 0, '2023-03-15 22:05:59', NULL),
	(61, 1, 'Camara Cetina Gabriel de Jesus', 0, '2023-03-15 22:05:59', NULL),
	(62, 1, 'Tut Maldonado Joaquin Arturo', 0, '2023-03-15 22:05:59', NULL),
	(63, 1, 'Cabrera Balam Ariel Ismael', 0, '2023-03-15 22:05:59', NULL),
	(64, 1, 'Cen Chan Daniel Ezequiel', 0, '2023-03-15 22:05:59', NULL),
	(65, 1, 'Cen Koyoc Jose Arturo', 0, '2023-03-15 22:05:59', NULL),
	(66, 1, 'Cen Mian Juan Gabriel', 0, '2023-03-15 22:05:59', NULL),
	(67, 1, 'Chan Perez Juan Manuel', 0, '2023-03-15 22:05:59', NULL),
	(68, 1, 'Chay Huh Julian', 0, '2023-03-15 22:05:59', NULL),
	(69, 1, 'Chuc Dzul Santos Eliseo', 0, '2023-03-15 22:05:59', NULL),
	(70, 1, 'Couoh Ramirez Javier Armando', 0, '2023-03-15 22:05:59', NULL),
	(71, 1, 'Cruz Ferraez Williams', 0, '2023-03-15 22:05:59', NULL),
	(72, 1, 'De la Cruz Montero Pedro', 0, '2023-03-15 22:05:59', NULL),
	(73, 1, 'Dzib Pacheco Fernando Enrique', 0, '2023-03-15 22:05:59', NULL),
	(74, 1, 'Dzul Quetzal Joel Alejandro', 0, '2023-03-15 22:05:59', NULL),
	(75, 1, 'Ek Cauich Raul Obdulio', 0, '2023-03-15 22:05:59', NULL),
	(76, 1, 'Fernandez Lopez Rafael Martin', 0, '2023-03-15 22:05:59', NULL),
	(77, 1, 'Fuente Garcia Delio Manuel', 0, '2023-03-15 22:05:59', NULL),
	(78, 1, 'Gomez Cobos Shelling Abraham', 0, '2023-03-15 22:05:59', NULL),
	(79, 1, 'Gonzalez May Etzer Roman', 0, '2023-03-15 22:05:59', NULL),
	(80, 1, 'Gonzalez Wong Fredy', 0, '2023-03-15 22:05:59', NULL),
	(81, 1, 'Heredia Rubio Natanael Ulises', 0, '2023-03-15 22:05:59', NULL),
	(82, 1, 'Herrera Kuh Oscar Martin', 0, '2023-03-15 22:05:59', NULL),
	(83, 1, 'Ku Tapia Javier', 0, '2023-03-15 22:05:59', NULL),
	(84, 1, 'Luna Perez Jose Luis Ivan', 0, '2023-03-15 22:05:59', NULL),
	(85, 1, 'Madera Garcia Erick Gilberto', 0, '2023-03-15 22:05:59', NULL),
	(86, 1, 'Maldonado Ojeda Ramon Bibiano', 0, '2023-03-15 22:05:59', NULL),
	(87, 1, 'Mendoza Ventura Fidel de Jesus', 0, '2023-03-15 22:05:59', NULL),
	(88, 1, 'Mendoza Ventura Xavier Alejandro', 0, '2023-03-15 22:05:59', NULL),
	(89, 1, 'Moo Amen Wilbert Jesus', 0, '2023-03-15 22:05:59', NULL),
	(90, 1, 'Moo Moo Juan Alberto', 0, '2023-03-15 22:05:59', NULL),
	(91, 1, 'Moo Moo Reyes Guadalupe', 0, '2023-03-15 22:05:59', NULL),
	(92, 1, 'Muñoz Polanco Luis Adrian', 0, '2023-03-15 22:05:59', NULL),
	(93, 1, 'Navarro Vazquez Rocky de Jesus', 0, '2023-03-15 22:05:59', NULL),
	(94, 1, 'Nolasco Mateo Alejandro', 0, '2023-03-15 22:05:59', NULL),
	(95, 1, 'Pool Solis Reyes Gaspar', 0, '2023-03-15 22:05:59', NULL),
	(96, 1, 'Rejon Tun Jose Alfonso', 0, '2023-03-15 22:05:59', NULL),
	(97, 1, 'Rodriguez Santos Julio Cesar', 0, '2023-03-15 22:05:59', NULL),
	(98, 1, 'Rojas Sanchez Freddy Alonso', 0, '2023-03-15 22:05:59', NULL),
	(99, 1, 'Rojas Sanchez Jose Antonio', 0, '2023-03-15 22:05:59', NULL),
	(100, 1, 'Sabido Martinez Aldemar Antonio', 0, '2023-03-15 22:05:59', NULL),
	(101, 1, 'Salazar Lopez Julio Cesar', 0, '2023-03-15 22:05:59', NULL),
	(102, 1, 'Sauri Flamenco Duglas Alberto', 0, '2023-03-15 22:05:59', NULL),
	(103, 1, 'Solis Puc Alberto', 0, '2023-03-15 22:05:59', NULL),
	(104, 1, 'Sosa Gamboa Jesus Armando', 0, '2023-03-15 22:05:59', NULL),
	(105, 1, 'Torres Zapata Lucio', 0, '2023-03-15 22:05:59', NULL),
	(106, 1, 'Tun Chable Lazaro Manuel', 0, '2023-03-15 22:05:59', NULL),
	(107, 1, 'Tun Eb Jorge Atilano', 0, '2023-03-15 22:05:59', NULL),
	(108, 1, 'Tut Maldonado Joaquin Arturo', 0, '2023-03-15 22:05:59', NULL),
	(109, 1, 'Uitz Mena Rogelio Abelardo', 0, '2023-03-15 22:05:59', NULL),
	(110, 1, 'Varguez Contreras Ruben Homero', 0, '2023-03-15 22:05:59', NULL),
	(111, 1, 'Velazquez Puc Adrian Humberto', 0, '2023-03-15 22:05:59', NULL),
	(112, 1, 'Vera Pacheco Yudy Melchor De Jesus', 0, '2023-03-15 22:05:59', NULL),
	(113, 1, 'Cabrera Balam Ariel Ismael', 0, '2023-03-15 22:05:59', NULL),
	(114, 1, 'Muñoz Polanco Luis Adrian', 0, '2023-03-15 22:05:59', NULL),
	(115, 1, 'Romero Velazquez Jose Asuncion', 0, '2023-03-15 22:05:59', NULL),
	(116, 1, 'Daniel Alejandro Couoh Ramírez', 0, '2023-03-15 22:05:59', NULL),
	(117, 1, 'Romero Velazques Jose', 0, '2023-03-15 22:05:59', NULL),
	(118, 1, 'Couoh Ramirez Daniel Alejandro', 0, '2023-03-15 22:05:59', NULL),
	(119, 1, 'Herrera Magaña Leysler Antonio', 0, '2023-03-15 22:05:59', NULL),
	(120, 1, 'Hoil Manzanero Carlos Alejandro', 0, '2023-03-15 22:05:59', NULL);

-- Volcando estructura para tabla cobi_2.0.recolectores
CREATE TABLE IF NOT EXISTS `recolectores` (
  `recolector_id` int NOT NULL AUTO_INCREMENT,
  `sucursal_id` int NOT NULL,
  `recolector_nombre` varchar(50) CHARACTER SET utf8mb3 COLLATE utf8mb3_spanish_ci DEFAULT NULL,
  `estatus` int DEFAULT NULL,
  `created_at` timestamp NULL DEFAULT NULL,
  `updated_at` timestamp NULL DEFAULT NULL,
  PRIMARY KEY (`recolector_id`),
  KEY `FK_recolectores_sucursales` (`sucursal_id`),
  CONSTRAINT `FK_recolectores_sucursales` FOREIGN KEY (`sucursal_id`) REFERENCES `sucursales` (`sucursal_id`)
) ENGINE=InnoDB AUTO_INCREMENT=546 DEFAULT CHARSET=utf8mb3 COLLATE=utf8mb3_spanish_ci;

-- Volcando datos para la tabla cobi_2.0.recolectores: ~545 rows (aproximadamente)
DELETE FROM `recolectores`;
INSERT INTO `recolectores` (`recolector_id`, `sucursal_id`, `recolector_nombre`, `estatus`, `created_at`, `updated_at`) VALUES
	(0, 0, 'Sin recolector', 0, '2023-03-15 22:05:59', NULL),
	(2, 1, 'Alducin Canche Jose Alberto', 0, '2023-03-15 22:05:59', NULL),
	(3, 1, 'Alonzo Euan Fabian Alberto', 0, '2023-03-15 22:05:59', NULL),
	(4, 1, 'Burgos Chan William Jose', 0, '2023-03-15 22:05:59', NULL),
	(5, 1, 'Cab Cauich William Humberto', 0, '2023-03-15 22:05:59', NULL),
	(6, 1, 'Cabrera May Hector Armando', 0, '2023-03-15 22:05:59', NULL),
	(7, 1, 'Canche Cauich Jose Eugenio', 0, '2023-03-15 22:05:59', NULL),
	(8, 1, 'Canul Colli Eduardo Israel', 0, '2023-03-15 22:05:59', NULL),
	(9, 1, 'Canul Mex Jose', 0, '2023-03-15 22:05:59', NULL),
	(10, 1, 'Carvajal Medina Jesus Fernando', 0, '2023-03-15 22:05:59', NULL),
	(11, 1, 'Castro Zapata Carlos Daniel', 0, '2023-03-15 22:05:59', NULL),
	(12, 1, 'Chale Chuc Guadalupe de Jesus', 0, '2023-03-15 22:05:59', NULL),
	(13, 1, 'Chan Coot Luis Fernando', 0, '2023-03-15 22:05:59', NULL),
	(14, 1, 'Chan Duarte Miguel Alejandro', 0, '2023-03-15 22:05:59', NULL),
	(15, 1, 'Chan Lopez Daniel Enrique', 0, '2023-03-15 22:05:59', NULL),
	(16, 1, 'Chan Novelo Reyes Baltazar', 0, '2023-03-15 22:05:59', NULL),
	(17, 1, 'Chan Sanchez Alexander', 0, '2023-03-15 22:05:59', NULL),
	(18, 1, 'Chim Baas Jose Armando', 0, '2023-03-15 22:05:59', NULL),
	(19, 1, 'Chuc Pacheco Edwin Ricardo', 0, '2023-03-15 22:05:59', NULL),
	(20, 1, 'Cob Castelan Juan Carlos', 0, '2023-03-15 22:05:59', NULL),
	(21, 1, 'Contreras Bacab Fernando Ivan', 0, '2023-03-15 22:05:59', NULL),
	(22, 1, 'Couoh Ramirez Javier Armando', 0, '2023-03-15 22:05:59', NULL),
	(23, 1, 'Cua Barrera Jose Armando Rene', 0, '2023-03-15 22:05:59', NULL),
	(24, 1, 'Diaz Cel Henry', 0, '2023-03-15 22:05:59', NULL),
	(25, 1, 'Diaz Landero Janer del Carmen', 0, '2023-03-15 22:05:59', NULL),
	(26, 1, 'Dzul Ayil Manuel', 0, '2023-03-15 22:05:59', NULL),
	(27, 1, 'Dzul Cauich David Alfredo', 0, '2023-03-15 22:05:59', NULL),
	(28, 1, 'Dzul Xul Gerardo Ismael', 0, '2023-03-15 22:05:59', NULL),
	(29, 1, 'Flores Dzul Jose Reynaldo', 0, '2023-03-15 22:05:59', NULL),
	(30, 1, 'Gallegos Andueza Jorge Antonio', 0, '2023-03-15 22:05:59', NULL),
	(31, 1, 'Geronimo Zapata Ricardo', 0, '2023-03-15 22:05:59', NULL),
	(32, 1, 'Gongora Dzul David Alberto', 0, '2023-03-15 22:05:59', NULL),
	(33, 1, 'Gongora Dzul Jose Cristino', 0, '2023-03-15 22:05:59', NULL),
	(34, 1, 'Gonzalez Ricardez Martin Eduardo', 0, '2023-03-15 22:05:59', NULL),
	(35, 1, 'Heredia Rubio Natanael Ulises', 0, '2023-03-15 22:05:59', NULL),
	(36, 1, 'Hernandez Pat Hirineo', 0, '2023-03-15 22:05:59', NULL),
	(37, 1, 'Herrera Moo Jorge Alberto', 0, '2023-03-15 22:05:59', NULL),
	(38, 1, 'Jimenez Chulin Javier Enrique', 0, '2023-03-15 22:05:59', NULL),
	(39, 1, 'Leon Bautista Manuel Asael', 0, '2023-03-15 22:05:59', NULL),
	(40, 1, 'Leon Nuñez Lorenzo', 0, '2023-03-15 22:05:59', NULL),
	(41, 1, 'Linares Peralta Angel de Jesus', 0, '2023-03-15 22:05:59', NULL),
	(42, 1, 'Lopez Balam Humberto Moroni', 0, '2023-03-15 22:05:59', NULL),
	(43, 1, 'Lopez Canche Gabriel Mauricio', 0, '2023-03-15 22:05:59', NULL),
	(44, 1, 'Lopez Olmedo Oscar Israel', 0, '2023-03-15 22:05:59', NULL),
	(45, 1, 'Macias Canche Edwin Eduardo', 0, '2023-03-15 22:05:59', NULL),
	(46, 1, 'Maldonado Cauich Ramon Misael', 0, '2023-03-15 22:05:59', NULL),
	(47, 1, 'Martinez Dzul Jose Ricardo', 0, '2023-03-15 22:05:59', NULL),
	(48, 1, 'May Mena Cristian Uriel', 0, '2023-03-15 22:05:59', NULL),
	(49, 1, 'Moo Moo Cristian Alonso', 0, '2023-03-15 22:05:59', NULL),
	(50, 1, 'Moo Moo Erick Efrain', 0, '2023-03-15 22:05:59', NULL),
	(51, 1, 'Pacheco Maldonado Jose Martin', 0, '2023-03-15 22:05:59', NULL),
	(52, 1, 'Pool Fuentes Bryan Gabriel', 0, '2023-03-15 22:05:59', NULL),
	(53, 1, 'Pool Fuentes Diego Alexander', 0, '2023-03-15 22:05:59', NULL),
	(54, 1, 'Pool Nic Pedro Pablo', 0, '2023-03-15 22:05:59', NULL),
	(55, 1, 'Poot Cuytun Jose Juan Bernardo', 0, '2023-03-15 22:05:59', NULL),
	(56, 1, 'Puc Moo Fernando', 0, '2023-03-15 22:05:59', NULL),
	(57, 1, 'Puc Uc Evelio', 0, '2023-03-15 22:05:59', NULL),
	(58, 1, 'Ramos Sanchez Angel Gaspar', 0, '2023-03-15 22:05:59', NULL),
	(59, 1, 'Regil Garcia Manuel Antonio', 0, '2023-03-15 22:05:59', NULL),
	(60, 1, 'Reina Gamboa Geovanny de la Cruz', 0, '2023-03-15 22:05:59', NULL),
	(61, 1, 'Reyes Munoz Armando', 0, '2023-03-15 22:05:59', NULL),
	(62, 1, 'Reyes Pam Harverth Aldahir', 0, '2023-03-15 22:05:59', NULL),
	(63, 1, 'Rojas Vidal Erik de Jesus', 0, '2023-03-15 22:05:59', NULL),
	(64, 1, 'Rosado May Francisco Javier', 0, '2023-03-15 22:05:59', NULL),
	(65, 1, 'Ruz Yama Jose Martin', 0, '2023-03-15 22:05:59', NULL),
	(66, 1, 'Sanchez Pech Wilbert Manuel', 0, '2023-03-15 22:05:59', NULL),
	(67, 1, 'Santos Diaz Jorge Alejandro', 0, '2023-03-15 22:05:59', NULL),
	(68, 1, 'Segura Dzul Jose Antonio', 0, '2023-03-15 22:05:59', NULL),
	(69, 1, 'Solis Felix Jose Luis', 0, '2023-03-15 22:05:59', NULL),
	(70, 1, 'Solis Felix Marco David', 0, '2023-03-15 22:05:59', NULL),
	(71, 1, 'Suaste Yah Isaac Esteban', 0, '2023-03-15 22:05:59', NULL),
	(72, 1, 'Sulub Mex Felipe De Jesus', 0, '2023-03-15 22:05:59', NULL),
	(73, 1, 'Tun Baas Romeo', 0, '2023-03-15 22:05:59', NULL),
	(74, 1, 'Tut Maldonado Ramon Alejandro', 0, '2023-03-15 22:05:59', NULL),
	(75, 1, 'Tut Oxte Julio Cesar', 0, '2023-03-15 22:05:59', NULL),
	(76, 1, 'Tzab Yam Ariel Damian', 0, '2023-03-15 22:05:59', NULL),
	(77, 1, 'Tzuc Ayala Jesus Noe', 0, '2023-03-15 22:05:59', NULL),
	(78, 1, 'Uc Dzul Rosendo', 0, '2023-03-15 22:05:59', NULL),
	(79, 1, 'Ucan Maldonado Jesus Efrain', 0, '2023-03-15 22:05:59', NULL),
	(80, 1, 'Valcarcel Lopez Jose Roberto', 0, '2023-03-15 22:05:59', NULL),
	(81, 1, 'Vazquez Martinez Osvaldo', 0, '2023-03-15 22:05:59', NULL),
	(82, 1, 'Vazquez Martinez Patrobich', 0, '2023-03-15 22:05:59', NULL),
	(83, 1, 'Xeque Xix Santos Angel', 0, '2023-03-15 22:05:59', NULL),
	(84, 1, 'Yam Gonzalez Jose Hernan Victorio', 0, '2023-03-15 22:05:59', NULL),
	(85, 1, 'Sin Recolector', 0, '2023-03-15 22:05:59', NULL),
	(86, 1, 'Andrade Puc Luis Manuel', 0, '2023-03-15 22:05:59', NULL),
	(87, 1, 'Toledano Cab Ernesto Alonso', 0, '2023-03-15 22:05:59', NULL),
	(88, 1, 'Hernandez Puga Jorge Luis', 0, '2023-03-15 22:05:59', NULL),
	(89, 1, 'Ucan Puch Eduwin Alberto', 0, '2023-03-15 22:05:59', NULL),
	(90, 1, 'Dzul Chable Antonio Alberto', 0, '2023-03-15 22:05:59', NULL),
	(91, 1, 'Solis Puc Aureliano', 0, '2023-03-15 22:05:59', NULL),
	(92, 1, 'chan chan julio cesar', 0, '2023-03-15 22:05:59', NULL),
	(93, 1, 'carrillo poot juan jose', 0, '2023-03-15 22:05:59', NULL),
	(94, 1, 'Euan Can Eusebio', 0, '2023-03-15 22:05:59', NULL),
	(95, 1, 'Flores Arias Jesus Aaron', 0, '2023-03-15 22:05:59', NULL),
	(96, 1, 'May Gonzalez Sergio Alonso', 0, '2023-03-15 22:05:59', NULL),
	(97, 1, 'Borges Ek Jose Severo', 0, '2023-03-15 22:05:59', NULL),
	(98, 1, 'Linares Estrella Edwin Alexander', 0, '2023-03-15 22:05:59', NULL),
	(99, 1, 'Canche Ek Esteban Ernesto', 0, '2023-03-15 22:05:59', NULL),
	(100, 1, 'Dzul Dzul Juan David', 0, '2023-03-15 22:05:59', NULL),
	(101, 1, 'Salazar Che Kenny Ibrahin', 0, '2023-03-15 22:05:59', NULL),
	(102, 1, 'Sonda Huh Juan Francisco Javier', 0, '2023-03-15 22:05:59', NULL),
	(103, 1, 'Cetz Uc Fernando Jesus', 0, '2023-03-15 22:05:59', NULL),
	(104, 1, 'vazquez garrido jahir abimael', 0, '2023-03-15 22:05:59', NULL),
	(105, 1, 'Navarro Arcila Vincent Jose', 0, '2023-03-15 22:05:59', NULL),
	(106, 1, 'Che Ortiz Arturo', 0, '2023-03-15 22:05:59', NULL),
	(107, 1, 'Velasco Gomez Juan Pablo', 0, '2023-03-15 22:05:59', NULL),
	(108, 1, 'Pech Tzel Moises Israel', 0, '2023-03-15 22:05:59', NULL),
	(109, 1, 'Salazar Che Magdiel Alexander', 0, '2023-03-15 22:05:59', NULL),
	(110, 1, 'Linares Estrella Edwin Alexander', 0, '2023-03-15 22:05:59', NULL),
	(111, 1, 'Gongora Puch Jesus Manuel', 0, '2023-03-15 22:05:59', NULL),
	(112, 1, 'Sulu Mex Daniel de  Jesus', 0, '2023-03-15 22:05:59', NULL),
	(113, 1, 'Leon Santiago Uziel Gerevay', 0, '2023-03-15 22:05:59', NULL),
	(114, 1, 'Canul Solis Marcos Jesus', 0, '2023-03-15 22:05:59', NULL),
	(115, 1, 'Chi Perez Jose Eduardo', 0, '2023-03-15 22:05:59', NULL),
	(116, 1, 'Puc Centeno Jose Cecilio', 0, '2023-03-15 22:05:59', NULL),
	(117, 1, 'Aguilar Tzuc Jairo Antonio', 0, '2023-03-15 22:05:59', NULL),
	(118, 1, 'Euan Gonzalez Carlos Antonio', 0, '2023-03-15 22:05:59', NULL),
	(119, 1, 'Perera Hernandez Jose Luis', 0, '2023-03-15 22:05:59', NULL),
	(120, 1, 'Salazar Che Julio Gamaliel', 0, '2023-03-15 22:05:59', NULL),
	(121, 1, 'Itza Chan Gerardo Manuel', 0, '2023-03-15 22:05:59', NULL),
	(122, 1, 'Yah Ek Ademar Antonio', 0, '2023-03-15 22:05:59', NULL),
	(123, 1, 'Rivero Hernandez Henrry Santiago', 0, '2023-03-15 22:05:59', NULL),
	(124, 1, 'LEON SUAREZ SAMUEL ABELARDO', 0, '2023-03-15 22:05:59', NULL),
	(125, 1, 'Blanco Mena Ramon Ricardo', 0, '2023-03-15 22:05:59', NULL),
	(126, 1, 'Dorantes Santiago Alan Antonio', 0, '2023-03-15 22:05:59', NULL),
	(127, 1, 'Moo Cen Gabriel Jesus', 0, '2023-03-15 22:05:59', NULL),
	(128, 1, 'gomez garrido daniel alejandro', 0, '2023-03-15 22:05:59', NULL),
	(129, 1, 'pool fuentes bryan gabriel', 0, '2023-03-15 22:05:59', NULL),
	(130, 1, 'gonzalez cruz juan jose', 0, '2023-03-15 22:05:59', NULL),
	(131, 1, 'Cauich Chi Bryan de Jesus', 0, '2023-03-15 22:05:59', NULL),
	(132, 1, 'Gongora Tzun Ricardo Antonio', 0, '2023-03-15 22:05:59', NULL),
	(133, 1, 'Xul Dzul Jose Rodolfo', 0, '2023-03-15 22:05:59', NULL),
	(134, 1, 'Romero Pacheco Juan Daniel', 0, '2023-03-15 22:05:59', NULL),
	(135, 1, 'Canto Conrado Andy Erubey', 0, '2023-03-15 22:05:59', NULL),
	(136, 1, 'Dzul Cauich Mario Andres', 0, '2023-03-15 22:05:59', NULL),
	(137, 1, 'Garcia Mex Geovanny Alberto', 0, '2023-03-15 22:05:59', NULL),
	(138, 1, 'Cetz Poot Julio Isaias', 0, '2023-03-15 22:05:59', NULL),
	(139, 1, 'Cegovia Huchin Manuel Amilcar', 0, '2023-03-15 22:05:59', NULL),
	(140, 1, 'Valdez Banos Manuel Andres', 0, '2023-03-15 22:05:59', NULL),
	(141, 1, 'Lopez Hoil Valentin del Angel', 0, '2023-03-15 22:05:59', NULL),
	(142, 1, 'Martinez Jimenez Aibelio', 0, '2023-03-15 22:05:59', NULL),
	(143, 1, 'Cauich Cante Jonathan Geovany', 0, '2023-03-15 22:05:59', NULL),
	(144, 1, 'May Mena Cristian Uriel', 0, '2023-03-15 22:05:59', NULL),
	(145, 1, 'Uicab Santos Aaron David', 0, '2023-03-15 22:05:59', NULL),
	(146, 1, 'Gonzalez Tutzin Etzer Aaron', 0, '2023-03-15 22:05:59', NULL),
	(147, 1, 'Manzano Ravell Jesus Martin', 0, '2023-03-15 22:05:59', NULL),
	(148, 1, 'Pech Reyes Jose de Jesus', 0, '2023-03-15 22:05:59', NULL),
	(149, 1, 'Chuc Uc Isaac Jonhatan', 0, '2023-03-15 22:05:59', NULL),
	(150, 1, 'Garma Barrera Armando Rene', 0, '2023-03-15 22:05:59', NULL),
	(151, 1, 'Guerrero Tristan Pedro Alfonso', 0, '2023-03-15 22:05:59', NULL),
	(152, 1, 'Reyes Pam Herverth Aldahir', 0, '2023-03-15 22:05:59', NULL),
	(153, 1, 'Caballero Sanchez Roman Alberto', 0, '2023-03-15 22:05:59', NULL),
	(154, 1, 'Colli Chan Fredy Saul', 0, '2023-03-15 22:05:59', NULL),
	(155, 1, 'Canche Ek Marcelino', 0, '2023-03-15 22:05:59', NULL),
	(156, 1, 'Arcos Arias Jesus del Rosario', 0, '2023-03-15 22:05:59', NULL),
	(157, 1, 'Uc Chi Edwin Alejandro', 0, '2023-03-15 22:05:59', NULL),
	(158, 1, 'Moo Ayil Jose Dolores', 0, '2023-03-15 22:05:59', NULL),
	(159, 1, 'Solis Flores Jose Luis', 0, '2023-03-15 22:05:59', NULL),
	(160, 1, 'Bermon Tzuc Victor Javier', 0, '2023-03-15 22:05:59', NULL),
	(161, 1, 'Lopez Olmedo Oscar Israel', 0, '2023-03-15 22:05:59', NULL),
	(162, 1, 'Herrera Kuh Juan Pablo', 0, '2023-03-15 22:05:59', NULL),
	(163, 1, 'Ayil Euan Aaron Gregory', 0, '2023-03-15 22:05:59', NULL),
	(164, 1, 'Casanova Velazquez Ramon', 0, '2023-03-15 22:05:59', NULL),
	(165, 1, 'Mendoza Romero Pablo Armando', 0, '2023-03-15 22:05:59', NULL),
	(166, 1, 'Yam Pech Jose Armando', 0, '2023-03-15 22:05:59', NULL),
	(167, 1, 'May Cauich Noe Moises', 0, '2023-03-15 22:05:59', NULL),
	(168, 1, 'Andrade Puc Luis Manuel', 0, '2023-03-15 22:05:59', NULL),
	(169, 1, 'Cauich Martin Jorge Humberto', 0, '2023-03-15 22:05:59', NULL),
	(170, 1, 'Chan Chan Julio Cesar', 0, '2023-03-15 22:05:59', NULL),
	(171, 1, 'Flores Gongora Pedro Ricardo', 0, '2023-03-15 22:05:59', NULL),
	(172, 1, 'Hoil Alejos Alberto de Jesus', 0, '2023-03-15 22:05:59', NULL),
	(173, 1, 'Martinez Pech Francisco Ivan', 0, '2023-03-15 22:05:59', NULL),
	(174, 1, 'Farfan Chulin Manuel Jesus', 0, '2023-03-15 22:05:59', NULL),
	(175, 1, 'Chuc Yam Jose Guadalupe', 0, '2023-03-15 22:05:59', NULL),
	(176, 1, 'Zaldivar Najera Miguel Alejandro', 0, '2023-03-15 22:05:59', NULL),
	(177, 1, 'Aguilar Jimenez Ermilo', 0, '2023-03-15 22:05:59', NULL),
	(178, 1, 'Chan Coot Santos Francisco', 0, '2023-03-15 22:05:59', NULL),
	(179, 1, 'Chavez Ortiz Jafet Antonio', 0, '2023-03-15 22:05:59', NULL),
	(180, 1, 'May Gonzalez Sergio Alonso', 0, '2023-03-15 22:05:59', NULL),
	(181, 1, 'Briceno Medina Jose Ruben', 0, '2023-03-15 22:05:59', NULL),
	(182, 1, 'Ek Lopez Jose Alfredo', 0, '2023-03-15 22:05:59', NULL),
	(183, 1, 'Mendez Martinez Fernando Javier', 0, '2023-03-15 22:05:59', NULL),
	(184, 1, 'Us Perez Daniel', 0, '2023-03-15 22:05:59', NULL),
	(185, 1, 'Acosta Uc Jorge Andres', 0, '2023-03-15 22:05:59', NULL),
	(186, 1, 'Aguilar Tzuc Jairo Antonio', 0, '2023-03-15 22:05:59', NULL),
	(187, 1, 'Ake Huh Maximiliano', 0, '2023-03-15 22:05:59', NULL),
	(188, 1, 'Alducin Canche Jose Alberto', 0, '2023-03-15 22:05:59', NULL),
	(189, 1, 'Alonzo Euan Fabian Alberto', 0, '2023-03-15 22:05:59', NULL),
	(190, 1, 'Arcos Arias Jesus del Rosario', 0, '2023-03-15 22:05:59', NULL),
	(191, 1, 'Bermon Tzuc Victor Javier', 0, '2023-03-15 22:05:59', NULL),
	(192, 1, 'Blanco Mena Ramon Ricardo', 0, '2023-03-15 22:05:59', NULL),
	(193, 1, 'Borges Ek Jose Severo', 0, '2023-03-15 22:05:59', NULL),
	(194, 1, 'Briceño Medina Jose Ruben', 0, '2023-03-15 22:05:59', NULL),
	(195, 1, 'Burgos Chan William Jose', 0, '2023-03-15 22:05:59', NULL),
	(196, 1, 'Cab Cauich William Humberto', 0, '2023-03-15 22:05:59', NULL),
	(197, 1, 'Caballero Sanchez Roman Alberto', 0, '2023-03-15 22:05:59', NULL),
	(198, 1, 'Cabrera May Hector Armando', 0, '2023-03-15 22:05:59', NULL),
	(199, 1, 'Cabrera Palma Julian de Jesus', 0, '2023-03-15 22:05:59', NULL),
	(200, 1, 'Canche Cauich Jose Eugenio', 0, '2023-03-15 22:05:59', NULL),
	(201, 1, 'Canche Ek Esteban Ernesto', 0, '2023-03-15 22:05:59', NULL),
	(202, 1, 'Canche Ek Marcelino', 0, '2023-03-15 22:05:59', NULL),
	(203, 1, 'Canul Colli Eduardo Israel', 0, '2023-03-15 22:05:59', NULL),
	(204, 1, 'Canul Colli Josue Elias', 0, '2023-03-15 22:05:59', NULL),
	(205, 1, 'Canul Mex Jose', 0, '2023-03-15 22:05:59', NULL),
	(206, 1, 'Carrillo Poot Juan Jose', 0, '2023-03-15 22:05:59', NULL),
	(207, 1, 'Carvajal Medina Jesus Fernando', 0, '2023-03-15 22:05:59', NULL),
	(208, 1, 'Casanova Herrera Guillermo Ricardo', 0, '2023-03-15 22:05:59', NULL),
	(209, 1, 'Castro Zapata Carlos Daniel', 0, '2023-03-15 22:05:59', NULL),
	(210, 1, 'Cauich Arce Luis Alberto', 0, '2023-03-15 22:05:59', NULL),
	(211, 1, 'Cauich Cante Jhonathan Geovany', 0, '2023-03-15 22:05:59', NULL),
	(212, 1, 'Cauich Chi Bryan de Jesus', 0, '2023-03-15 22:05:59', NULL),
	(213, 1, 'Cauich Martin Jorge Humberto', 0, '2023-03-15 22:05:59', NULL),
	(214, 1, 'Cegovia Huchin Manuel Amilcar', 0, '2023-03-15 22:05:59', NULL),
	(215, 1, 'Cetz Poot Julio Isaias', 0, '2023-03-15 22:05:59', NULL),
	(216, 1, 'Chan Chan Julio Cesar', 0, '2023-03-15 22:05:59', NULL),
	(217, 1, 'Chan Coot Luis Fernando', 0, '2023-03-15 22:05:59', NULL),
	(218, 1, 'Chan Coot Santos Francisco', 0, '2023-03-15 22:05:59', NULL),
	(219, 1, 'Chan Duarte Miguel Alejandro', 0, '2023-03-15 22:05:59', NULL),
	(220, 1, 'Chan Lopez Daniel Enrique', 0, '2023-03-15 22:05:59', NULL),
	(221, 1, 'Chan Novelo Reyes Baltazar', 0, '2023-03-15 22:05:59', NULL),
	(222, 1, 'Chan Sanchez Alexander', 0, '2023-03-15 22:05:59', NULL),
	(223, 1, 'Che Ortiz Arturo', 0, '2023-03-15 22:05:59', NULL),
	(224, 1, 'Chi Perez Jose Eduardo', 0, '2023-03-15 22:05:59', NULL),
	(225, 1, 'Chim Baas Jose Armando', 0, '2023-03-15 22:05:59', NULL),
	(226, 1, 'Chuc Pacheco Edwin Ricardo', 0, '2023-03-15 22:05:59', NULL),
	(227, 1, 'Chuc Uc Isaac Jonhatan', 0, '2023-03-15 22:05:59', NULL),
	(228, 1, 'Chuc Yam Jose Guadalupe', 0, '2023-03-15 22:05:59', NULL),
	(229, 1, 'Colli Chan Fredy Saul', 0, '2023-03-15 22:05:59', NULL),
	(230, 1, 'Contreras Bacab Fernando Ivan', 0, '2023-03-15 22:05:59', NULL),
	(231, 1, 'Cua Barrera Jose Armando Rene', 0, '2023-03-15 22:05:59', NULL),
	(232, 1, 'Diaz Cel Henry', 0, '2023-03-15 22:05:59', NULL),
	(233, 1, 'Diaz Landero Janer del Carmen', 0, '2023-03-15 22:05:59', NULL),
	(234, 1, 'Dorantes Santiago Alan Antonio', 0, '2023-03-15 22:05:59', NULL),
	(235, 1, 'Dzul Ayil Manuel', 0, '2023-03-15 22:05:59', NULL),
	(236, 1, 'Dzul Cauich David Alfredo', 0, '2023-03-15 22:05:59', NULL),
	(237, 1, 'Dzul Cauich Mario Andres', 0, '2023-03-15 22:05:59', NULL),
	(238, 1, 'Dzul Dzul Juan David', 0, '2023-03-15 22:05:59', NULL),
	(239, 1, 'Dzul Martin Carlos Enrique', 0, '2023-03-15 22:05:59', NULL),
	(240, 1, 'Dzul Xul Gerardo Ismael', 0, '2023-03-15 22:05:59', NULL),
	(241, 1, 'Ek Lopez Jose Alfredo', 0, '2023-03-15 22:05:59', NULL),
	(242, 1, 'Euan Can Eusebio Fabian', 0, '2023-03-15 22:05:59', NULL),
	(243, 1, 'Flores Arias Jesus Aaron', 0, '2023-03-15 22:05:59', NULL),
	(244, 1, 'Flores Dzul Jose Reynaldo', 0, '2023-03-15 22:05:59', NULL),
	(245, 1, 'Flores Gongora Pedro Ricardo', 0, '2023-03-15 22:05:59', NULL),
	(246, 1, 'Gallegos Andueza Jorge Antonio', 0, '2023-03-15 22:05:59', NULL),
	(247, 1, 'Garma Barrera Armando Rene', 0, '2023-03-15 22:05:59', NULL),
	(248, 1, 'Geronimo Zapata Ricardo', 0, '2023-03-15 22:05:59', NULL),
	(249, 1, 'Gomez Garrido Daniel Alejandro', 0, '2023-03-15 22:05:59', NULL),
	(250, 1, 'Gongora Dzul David Alberto', 0, '2023-03-15 22:05:59', NULL),
	(251, 1, 'Gongora Dzul Jose Cristino', 0, '2023-03-15 22:05:59', NULL),
	(252, 1, 'Gongora Puch Jesus Manuel', 0, '2023-03-15 22:05:59', NULL),
	(253, 1, 'Gongora Tzun Ricardo Antonio', 0, '2023-03-15 22:05:59', NULL),
	(254, 1, 'Gonzalez Cruz Juan Jose', 0, '2023-03-15 22:05:59', NULL),
	(255, 1, 'Gonzalez Ricardez Martin Eduardo', 0, '2023-03-15 22:05:59', NULL),
	(256, 1, 'Gonzalez Tutzin Etzer Aaron', 0, '2023-03-15 22:05:59', NULL),
	(257, 1, 'Hernandez Pat Hirineo', 0, '2023-03-15 22:05:59', NULL),
	(258, 1, 'Herrera Kuh Juan Pablo', 0, '2023-03-15 22:05:59', NULL),
	(259, 1, 'Herrera Moo Jorge Alberto', 0, '2023-03-15 22:05:59', NULL),
	(260, 1, 'Hoil Alejos Alberto de Jesus', 0, '2023-03-15 22:05:59', NULL),
	(261, 1, 'Itza Chan Gerardo Manuel', 0, '2023-03-15 22:05:59', NULL),
	(262, 1, 'Ku Santamaria Rodolfo Jhordy', 0, '2023-03-15 22:05:59', NULL),
	(263, 1, 'Leon Bautista Manuel Asael', 0, '2023-03-15 22:05:59', NULL),
	(264, 1, 'Leon Nuñez Lorenzo', 0, '2023-03-15 22:05:59', NULL),
	(265, 1, 'Leon Santiago Uziel Gerevay', 0, '2023-03-15 22:05:59', NULL),
	(266, 1, 'Leon Suarez Samuel Abelardo', 0, '2023-03-15 22:05:59', NULL),
	(267, 1, 'Linares Estrella Edwin Alexander', 0, '2023-03-15 22:05:59', NULL),
	(268, 1, 'Linares Peralta Angel de Jesus', 0, '2023-03-15 22:05:59', NULL),
	(269, 1, 'Lopez Balam Humberto Moroni', 0, '2023-03-15 22:05:59', NULL),
	(270, 1, 'Lopez Canche Gabriel Mauricio', 0, '2023-03-15 22:05:59', NULL),
	(271, 1, 'Lopez Hoil Valentin del Angel', 0, '2023-03-15 22:05:59', NULL),
	(272, 1, 'Lopez Olmedo Oscar Israel', 0, '2023-03-15 22:05:59', NULL),
	(273, 1, 'Macias Canche Edwin Eduardo', 0, '2023-03-15 22:05:59', NULL),
	(274, 1, 'Maldonado Cauich Ramon Misael', 0, '2023-03-15 22:05:59', NULL),
	(275, 1, 'Manzano Ravell Jesus Martin', 0, '2023-03-15 22:05:59', NULL),
	(276, 1, 'Martinez Dzul Jose Ricardo', 0, '2023-03-15 22:05:59', NULL),
	(277, 1, 'Martinez Jimenez Aibelio', 0, '2023-03-15 22:05:59', NULL),
	(278, 1, 'Martinez Pech Francisco Ivan', 0, '2023-03-15 22:05:59', NULL),
	(279, 1, 'May Cauich Noe Moises', 0, '2023-03-15 22:05:59', NULL),
	(280, 1, 'May Gonzalez Sergio Alonso', 0, '2023-03-15 22:05:59', NULL),
	(281, 1, 'May Mena Cristian Uriel', 0, '2023-03-15 22:05:59', NULL),
	(282, 1, 'Molina Euan Ivan Enrique', 0, '2023-03-15 22:05:59', NULL),
	(283, 1, 'Moo Ayil Jose Dolores', 0, '2023-03-15 22:05:59', NULL),
	(284, 1, 'Moo Moo Erick Efrain', 0, '2023-03-15 22:05:59', NULL),
	(285, 1, 'Navarro Arcila Vincent Jose', 0, '2023-03-15 22:05:59', NULL),
	(286, 1, 'Pacheco Maldonado Jose Martin', 0, '2023-03-15 22:05:59', NULL),
	(287, 1, 'Pech Reyes Jose de Jesus', 0, '2023-03-15 22:05:59', NULL),
	(288, 1, 'Perera Hernandez Jose Luis', 0, '2023-03-15 22:05:59', NULL),
	(289, 1, 'Pool Fuentes Bryan Gabriel', 0, '2023-03-15 22:05:59', NULL),
	(290, 1, 'Pool Fuentes Diego Alexander', 0, '2023-03-15 22:05:59', NULL),
	(291, 1, 'Pool Nic Pedro Pablo', 0, '2023-03-15 22:05:59', NULL),
	(292, 1, 'Poot Cuytun Jose Juan Bernardo', 0, '2023-03-15 22:05:59', NULL),
	(293, 1, 'Puc Centeno Jose Cecilio', 0, '2023-03-15 22:05:59', NULL),
	(294, 1, 'Puc Koyoc Marco Xavier', 0, '2023-03-15 22:05:59', NULL),
	(295, 1, 'Puc Moo Fernando', 0, '2023-03-15 22:05:59', NULL),
	(296, 1, 'Puc Uc Evelio', 0, '2023-03-15 22:05:59', NULL),
	(297, 1, 'Ramos Sanchez Angel Gaspar', 0, '2023-03-15 22:05:59', NULL),
	(298, 1, 'Regil Garcia Manuel Antonio', 0, '2023-03-15 22:05:59', NULL),
	(299, 1, 'Reina Gamboa Geovanny de la Cruz', 0, '2023-03-15 22:05:59', NULL),
	(300, 1, 'Reyes Muñoz Armando', 0, '2023-03-15 22:05:59', NULL),
	(301, 1, 'Reyes Pam Harverth Aldahir', 0, '2023-03-15 22:05:59', NULL),
	(302, 1, 'Rivero Hernandez Henrry Santiago', 0, '2023-03-15 22:05:59', NULL),
	(303, 1, 'Rojas Vidal Erik de Jesus', 0, '2023-03-15 22:05:59', NULL),
	(304, 1, 'Romero Pacheco Juan Daniel', 0, '2023-03-15 22:05:59', NULL),
	(305, 1, 'Rosado May Francisco Javier', 0, '2023-03-15 22:05:59', NULL),
	(306, 1, 'Ruz Yama Jose Martin', 0, '2023-03-15 22:05:59', NULL),
	(307, 1, 'Salazar Che Julio Gamaliel', 0, '2023-03-15 22:05:59', NULL),
	(308, 1, 'Salazar Che Magdiel Alexander', 0, '2023-03-15 22:05:59', NULL),
	(309, 1, 'Sanchez Pech Wilbert Manuel', 0, '2023-03-15 22:05:59', NULL),
	(310, 1, 'Segura Dzul Jose Antonio', 0, '2023-03-15 22:05:59', NULL),
	(311, 1, 'Solis Felix Jose Luis', 0, '2023-03-15 22:05:59', NULL),
	(312, 1, 'Solis Felix Marco David', 0, '2023-03-15 22:05:59', NULL),
	(313, 1, 'Solis Flores Jose Luis', 0, '2023-03-15 22:05:59', NULL),
	(314, 1, 'Sonda Huh Juan Francisco Javier', 0, '2023-03-15 22:05:59', NULL),
	(315, 1, 'Suaste Yah Isaac Esteban', 0, '2023-03-15 22:05:59', NULL),
	(316, 1, 'Sulu Mex Alberto Angel', 0, '2023-03-15 22:05:59', NULL),
	(317, 1, 'Sulu Mex Daniel de Jesus', 0, '2023-03-15 22:05:59', NULL),
	(318, 1, 'Sulub Mex Felipe De Jesus', 0, '2023-03-15 22:05:59', NULL),
	(319, 1, 'Tun Baas Romeo', 0, '2023-03-15 22:05:59', NULL),
	(320, 1, 'Tut Oxte Julio Cesar', 0, '2023-03-15 22:05:59', NULL),
	(321, 1, 'Tzab Yam Ariel Damian', 0, '2023-03-15 22:05:59', NULL),
	(322, 1, 'Tzuc Ayala Jesus Noe', 0, '2023-03-15 22:05:59', NULL),
	(323, 1, 'Uc Dzul Rosendo', 0, '2023-03-15 22:05:59', NULL),
	(324, 1, 'Tzab Yam Ariel Damian', 0, '2023-03-15 22:05:59', NULL),
	(325, 1, 'Uh Chi Edwin Alejandro', 0, '2023-03-15 22:05:59', NULL),
	(326, 1, 'Uicab Santos Aaron David', 0, '2023-03-15 22:05:59', NULL),
	(327, 1, 'Us Perez Daniel', 0, '2023-03-15 22:05:59', NULL),
	(328, 1, 'Valdez Baños Manuel Andres', 0, '2023-03-15 22:05:59', NULL),
	(329, 1, 'Valencia Cauich Guillermo Valentin', 0, '2023-03-15 22:05:59', NULL),
	(330, 1, 'Vazquez Garrido Jahir Abimael', 0, '2023-03-15 22:05:59', NULL),
	(331, 1, 'Vazquez Martinez Osvaldo', 0, '2023-03-15 22:05:59', NULL),
	(332, 1, 'Vazquez Martinez Patrobich', 0, '2023-03-15 22:05:59', NULL),
	(333, 1, 'Vela Dominguez Walter Joaquin', 0, '2023-03-15 22:05:59', NULL),
	(334, 1, 'Velasco Gomez Juan Pablo', 0, '2023-03-15 22:05:59', NULL),
	(335, 1, 'Xeque Xix Santos Angel', 0, '2023-03-15 22:05:59', NULL),
	(336, 1, 'Xul Dzul Jose Rodolfo', 0, '2023-03-15 22:05:59', NULL),
	(337, 1, 'Yah Ek Ademar Antonio', 0, '2023-03-15 22:05:59', NULL),
	(338, 1, 'Yah Haas Cristhoper Alexis', 0, '2023-03-15 22:05:59', NULL),
	(339, 1, 'Yam Gonzalez Jose Hernan Victorio', 0, '2023-03-15 22:05:59', NULL),
	(340, 1, 'Yam Pech Armando Jose', 0, '2023-03-15 22:05:59', NULL),
	(341, 1, 'Zaldivar Najera Miguel Alejandro', 0, '2023-03-15 22:05:59', NULL),
	(342, 1, 'sanchez coba fernando david.', 0, '2023-03-15 22:05:59', NULL),
	(343, 1, 'Zaldivar Najera Miguel Alejandro', 0, '2023-03-15 22:05:59', NULL),
	(344, 1, 'Acosta Uc Jorge Andres', 0, '2023-03-15 22:05:59', NULL),
	(345, 1, 'Aguilar Tzuc Jairo Antonio', 0, '2023-03-15 22:05:59', NULL),
	(346, 1, 'Ake Huh Maximiliano', 0, '2023-03-15 22:05:59', NULL),
	(347, 1, 'Alducin Canche Jose Alberto', 0, '2023-03-15 22:05:59', NULL),
	(348, 1, 'Alonzo Euan Fabian Alberto', 0, '2023-03-15 22:05:59', NULL),
	(349, 1, 'Arcos Arias Jesus del Rosario', 0, '2023-03-15 22:05:59', NULL),
	(350, 1, 'Bermon Tzuc Victor Javier', 0, '2023-03-15 22:05:59', NULL),
	(351, 1, 'Blanco Mena Ramon Ricardo', 0, '2023-03-15 22:05:59', NULL),
	(352, 1, 'Borges Ek Jose Severo', 0, '2023-03-15 22:05:59', NULL),
	(353, 1, 'Briceño Medina Jose Ruben', 0, '2023-03-15 22:05:59', NULL),
	(354, 1, 'Burgos Chan William Jose', 0, '2023-03-15 22:05:59', NULL),
	(355, 1, 'Cab Cauich William Humberto', 0, '2023-03-15 22:05:59', NULL),
	(356, 1, 'Caballero Sanchez Roman Alberto', 0, '2023-03-15 22:05:59', NULL),
	(357, 1, 'Cabrera May Hector Armando', 0, '2023-03-15 22:05:59', NULL),
	(358, 1, 'Cabrera Palma Julian de Jesus', 0, '2023-03-15 22:05:59', NULL),
	(359, 1, 'Canche Cauich Jose Eugenio', 0, '2023-03-15 22:05:59', NULL),
	(360, 1, 'Canche Ek Esteban Ernesto', 0, '2023-03-15 22:05:59', NULL),
	(361, 1, 'Canche Ek Marcelino', 0, '2023-03-15 22:05:59', NULL),
	(362, 1, 'Canul Colli Eduardo Israel', 0, '2023-03-15 22:05:59', NULL),
	(363, 1, 'Canul Colli Josue Elias', 0, '2023-03-15 22:05:59', NULL),
	(364, 1, 'Canul Mex Jose', 0, '2023-03-15 22:05:59', NULL),
	(365, 1, 'Carrillo Poot Juan Jose', 0, '2023-03-15 22:05:59', NULL),
	(366, 1, 'Carvajal Medina Jesus Fernando', 0, '2023-03-15 22:05:59', NULL),
	(367, 1, 'Casanova Herrera Guillermo Ricardo', 0, '2023-03-15 22:05:59', NULL),
	(368, 1, 'Castro Zapata Carlos Daniel', 0, '2023-03-15 22:05:59', NULL),
	(369, 1, 'Cauich Arce Luis Alberto', 0, '2023-03-15 22:05:59', NULL),
	(370, 1, 'Cauich Cante Jhonathan Geovany', 0, '2023-03-15 22:05:59', NULL),
	(371, 1, 'Cauich Chi Bryan de Jesus', 0, '2023-03-15 22:05:59', NULL),
	(372, 1, 'Cauich Martin Jorge Humberto', 0, '2023-03-15 22:05:59', NULL),
	(373, 1, 'Cegovia Huchin Manuel Amilcar', 0, '2023-03-15 22:05:59', NULL),
	(374, 1, 'Cetz Poot Julio Isaias', 0, '2023-03-15 22:05:59', NULL),
	(375, 1, 'Chan Chan Julio Cesar', 0, '2023-03-15 22:05:59', NULL),
	(376, 1, 'Chan Coot Luis Fernando', 0, '2023-03-15 22:05:59', NULL),
	(377, 1, 'Chan Coot Santos Francisco', 0, '2023-03-15 22:05:59', NULL),
	(378, 1, 'Chan Duarte Miguel Alejandro', 0, '2023-03-15 22:05:59', NULL),
	(379, 1, 'Chan Lopez Daniel Enrique', 0, '2023-03-15 22:05:59', NULL),
	(380, 1, 'Chan Novelo Reyes Baltazar', 0, '2023-03-15 22:05:59', NULL),
	(381, 1, 'Chan Sanchez Alexander', 0, '2023-03-15 22:05:59', NULL),
	(382, 1, 'Che Ortiz Arturo', 0, '2023-03-15 22:05:59', NULL),
	(383, 1, 'Chi Perez Jose Eduardo', 0, '2023-03-15 22:05:59', NULL),
	(384, 1, 'Chim Baas Jose Armando', 0, '2023-03-15 22:05:59', NULL),
	(385, 1, 'Chuc Pacheco Edwin Ricardo', 0, '2023-03-15 22:05:59', NULL),
	(386, 1, 'Chuc Uc Isaac Jonhatan', 0, '2023-03-15 22:05:59', NULL),
	(387, 1, 'Chuc Yam Jose Guadalupe', 0, '2023-03-15 22:05:59', NULL),
	(388, 1, 'Colli Chan Fredy Saul', 0, '2023-03-15 22:05:59', NULL),
	(389, 1, 'Contreras Bacab Fernando Ivan', 0, '2023-03-15 22:05:59', NULL),
	(390, 1, 'Cua Barrera Jose Armando Rene', 0, '2023-03-15 22:05:59', NULL),
	(391, 1, 'Diaz Cel Henry', 0, '2023-03-15 22:05:59', NULL),
	(392, 1, 'Diaz Landero Janer del Carmen', 0, '2023-03-15 22:05:59', NULL),
	(393, 1, 'Dorantes Santiago Alan Antonio', 0, '2023-03-15 22:05:59', NULL),
	(394, 1, 'Dzul Ayil Manuel', 0, '2023-03-15 22:05:59', NULL),
	(395, 1, 'Dzul Cauich David Alfredo', 0, '2023-03-15 22:05:59', NULL),
	(396, 1, 'Dzul Cauich Mario Andres', 0, '2023-03-15 22:05:59', NULL),
	(397, 1, 'Dzul Dzul Juan David', 0, '2023-03-15 22:05:59', NULL),
	(398, 1, 'Dzul Martin Carlos Enrique', 0, '2023-03-15 22:05:59', NULL),
	(399, 1, 'Dzul Xul Gerardo Ismael', 0, '2023-03-15 22:05:59', NULL),
	(400, 1, 'Ek Lopez Jose Alfredo', 0, '2023-03-15 22:05:59', NULL),
	(401, 1, 'Euan Can Eusebio Fabian', 0, '2023-03-15 22:05:59', NULL),
	(402, 1, 'Flores Arias Jesus Aaron', 0, '2023-03-15 22:05:59', NULL),
	(403, 1, 'Flores Dzul Jose Reynaldo', 0, '2023-03-15 22:05:59', NULL),
	(404, 1, 'Flores Gongora Pedro Ricardo', 0, '2023-03-15 22:05:59', NULL),
	(405, 1, 'Gallegos Andueza Jorge Antonio', 0, '2023-03-15 22:05:59', NULL),
	(406, 1, 'Garma Barrera Armando Rene', 0, '2023-03-15 22:05:59', NULL),
	(407, 1, 'Geronimo Zapata Ricardo', 0, '2023-03-15 22:05:59', NULL),
	(408, 1, 'Gomez Garrido Daniel Alejandro', 0, '2023-03-15 22:05:59', NULL),
	(409, 1, 'Gongora Dzul David Alberto', 0, '2023-03-15 22:05:59', NULL),
	(410, 1, 'Gongora Dzul Jose Cristino', 0, '2023-03-15 22:05:59', NULL),
	(411, 1, 'Gongora Puch Jesus Manuel', 0, '2023-03-15 22:05:59', NULL),
	(412, 1, 'Gongora Tzun Ricardo Antonio', 0, '2023-03-15 22:05:59', NULL),
	(413, 1, 'Gonzalez Cruz Juan Jose', 0, '2023-03-15 22:05:59', NULL),
	(414, 1, 'Gonzalez Ricardez Martin Eduardo', 0, '2023-03-15 22:05:59', NULL),
	(415, 1, 'Gonzalez Tutzin Etzer Aaron', 0, '2023-03-15 22:05:59', NULL),
	(416, 1, 'Hernandez Pat Hirineo', 0, '2023-03-15 22:05:59', NULL),
	(417, 1, 'Herrera Kuh Juan Pablo', 0, '2023-03-15 22:05:59', NULL),
	(418, 1, 'Herrera Moo Jorge Alberto', 0, '2023-03-15 22:05:59', NULL),
	(419, 1, 'Hoil Alejos Alberto de Jesus', 0, '2023-03-15 22:05:59', NULL),
	(420, 1, 'Itza Chan Gerardo Manuel', 0, '2023-03-15 22:05:59', NULL),
	(421, 1, 'Ku Santamaria Rodolfo Jhordy', 0, '2023-03-15 22:05:59', NULL),
	(422, 1, 'Leon Bautista Manuel Asael', 0, '2023-03-15 22:05:59', NULL),
	(423, 1, 'Leon Nuñez Lorenzo', 0, '2023-03-15 22:05:59', NULL),
	(424, 1, 'Leon Santiago Uziel Gerevay', 0, '2023-03-15 22:05:59', NULL),
	(425, 1, 'Leon Suarez Samuel Abelardo', 0, '2023-03-15 22:05:59', NULL),
	(426, 1, 'Linares Estrella Edwin Alexander', 0, '2023-03-15 22:05:59', NULL),
	(427, 1, 'Linares Peralta Angel de Jesus', 0, '2023-03-15 22:05:59', NULL),
	(428, 1, 'Lopez Balam Humberto Moroni', 0, '2023-03-15 22:05:59', NULL),
	(429, 1, 'Lopez Canche Gabriel Mauricio', 0, '2023-03-15 22:05:59', NULL),
	(430, 1, 'Lopez Hoil Valentin del Angel', 0, '2023-03-15 22:05:59', NULL),
	(431, 1, 'Lopez Olmedo Oscar Israel', 0, '2023-03-15 22:05:59', NULL),
	(432, 1, 'Macias Canche Edwin Eduardo', 0, '2023-03-15 22:05:59', NULL),
	(433, 1, 'Maldonado Cauich Ramon Misael', 0, '2023-03-15 22:05:59', NULL),
	(434, 1, 'Manzano Ravell Jesus Martin', 0, '2023-03-15 22:05:59', NULL),
	(435, 1, 'Martinez Dzul Jose Ricardo', 0, '2023-03-15 22:05:59', NULL),
	(436, 1, 'Martinez Jimenez Aibelio', 0, '2023-03-15 22:05:59', NULL),
	(437, 1, 'Martinez Pech Francisco Ivan', 0, '2023-03-15 22:05:59', NULL),
	(438, 1, 'May Cauich Noe Moises', 0, '2023-03-15 22:05:59', NULL),
	(439, 1, 'May Gonzalez Sergio Alonso', 0, '2023-03-15 22:05:59', NULL),
	(440, 1, 'May Mena Cristian Uriel', 0, '2023-03-15 22:05:59', NULL),
	(441, 1, 'Molina Euan Ivan Enrique', 0, '2023-03-15 22:05:59', NULL),
	(442, 1, 'Moo Ayil Jose Dolores', 0, '2023-03-15 22:05:59', NULL),
	(443, 1, 'Moo Moo Erick Efrain', 0, '2023-03-15 22:05:59', NULL),
	(444, 1, 'Navarro Arcila Vincent Jose', 0, '2023-03-15 22:05:59', NULL),
	(445, 1, 'Pacheco Maldonado Jose Martin', 0, '2023-03-15 22:05:59', NULL),
	(446, 1, 'Pech Reyes Jose de Jesus', 0, '2023-03-15 22:05:59', NULL),
	(447, 1, 'Perera Hernandez Jose Luis', 0, '2023-03-15 22:05:59', NULL),
	(448, 1, 'Pool Fuentes Bryan Gabriel', 0, '2023-03-15 22:05:59', NULL),
	(449, 1, 'Pool Fuentes Diego Alexander', 0, '2023-03-15 22:05:59', NULL),
	(450, 1, 'Pool Nic Pedro Pablo', 0, '2023-03-15 22:05:59', NULL),
	(451, 1, 'Poot Cuytun Jose Juan Bernardo', 0, '2023-03-15 22:05:59', NULL),
	(452, 1, 'Puc Centeno Jose Cecilio', 0, '2023-03-15 22:05:59', NULL),
	(453, 1, 'Puc Koyoc Marco Xavier', 0, '2023-03-15 22:05:59', NULL),
	(454, 1, 'Puc Moo Fernando', 0, '2023-03-15 22:05:59', NULL),
	(455, 1, 'Puc Uc Evelio', 0, '2023-03-15 22:05:59', NULL),
	(456, 1, 'Ramos Sanchez Angel Gaspar', 0, '2023-03-15 22:05:59', NULL),
	(457, 1, 'Regil Garcia Manuel Antonio', 0, '2023-03-15 22:05:59', NULL),
	(458, 1, 'Reina Gamboa Geovanny de la Cruz', 0, '2023-03-15 22:05:59', NULL),
	(459, 1, 'Reyes Muñoz Armando', 0, '2023-03-15 22:05:59', NULL),
	(460, 1, 'Reyes Pam Harverth Aldahir', 0, '2023-03-15 22:05:59', NULL),
	(461, 1, 'Rivero Hernandez Henrry Santiago', 0, '2023-03-15 22:05:59', NULL),
	(462, 1, 'Rojas Vidal Erik de Jesus', 0, '2023-03-15 22:05:59', NULL),
	(463, 1, 'Romero Pacheco Juan Daniel', 0, '2023-03-15 22:05:59', NULL),
	(464, 1, 'Rosado May Francisco Javier', 0, '2023-03-15 22:05:59', NULL),
	(465, 1, 'Ruz Yama Jose Martin', 0, '2023-03-15 22:05:59', NULL),
	(466, 1, 'Salazar Che Julio Gamaliel', 0, '2023-03-15 22:05:59', NULL),
	(467, 1, 'Salazar Che Magdiel Alexander', 0, '2023-03-15 22:05:59', NULL),
	(468, 1, 'Sanchez Pech Wilbert Manuel', 0, '2023-03-15 22:05:59', NULL),
	(469, 1, 'Segura Dzul Jose Antonio', 0, '2023-03-15 22:05:59', NULL),
	(470, 1, 'Solis Felix Jose Luis', 0, '2023-03-15 22:05:59', NULL),
	(471, 1, 'Solis Felix Marco David', 0, '2023-03-15 22:05:59', NULL),
	(472, 1, 'Solis Flores Jose Luis', 0, '2023-03-15 22:05:59', NULL),
	(473, 1, 'Sonda Huh Juan Francisco Javier', 0, '2023-03-15 22:05:59', NULL),
	(474, 1, 'Suaste Yah Isaac Esteban', 0, '2023-03-15 22:05:59', NULL),
	(475, 1, 'Sulu Mex Alberto Angel', 0, '2023-03-15 22:05:59', NULL),
	(476, 1, 'Sulu Mex Daniel de Jesus', 0, '2023-03-15 22:05:59', NULL),
	(477, 1, 'Sulub Mex Felipe De Jesus', 0, '2023-03-15 22:05:59', NULL),
	(478, 1, 'Tun Baas Romeo', 0, '2023-03-15 22:05:59', NULL),
	(479, 1, 'Tut Oxte Julio Cesar', 0, '2023-03-15 22:05:59', NULL),
	(480, 1, 'Tzab Yam Ariel Damian', 0, '2023-03-15 22:05:59', NULL),
	(481, 1, 'Tzuc Ayala Jesus Noe', 0, '2023-03-15 22:05:59', NULL),
	(482, 1, 'Uc Dzul Rosendo', 0, '2023-03-15 22:05:59', NULL),
	(483, 1, 'Tzab Yam Ariel Damian', 0, '2023-03-15 22:05:59', NULL),
	(484, 1, 'Uh Chi Edwin Alejandro', 0, '2023-03-15 22:05:59', NULL),
	(485, 1, 'Uicab Santos Aaron David', 0, '2023-03-15 22:05:59', NULL),
	(486, 1, 'Us Perez Daniel', 0, '2023-03-15 22:05:59', NULL),
	(487, 1, 'Valdez Baños Manuel Andres', 0, '2023-03-15 22:05:59', NULL),
	(488, 1, 'Valencia Cauich Guillermo Valentin', 0, '2023-03-15 22:05:59', NULL),
	(489, 1, 'Vazquez Garrido Jahir Abimael', 0, '2023-03-15 22:05:59', NULL),
	(490, 1, 'Vazquez Martinez Osvaldo', 0, '2023-03-15 22:05:59', NULL),
	(491, 1, 'Vazquez Martinez Patrobich', 0, '2023-03-15 22:05:59', NULL),
	(492, 1, 'Vela Dominguez Walter Joaquin', 0, '2023-03-15 22:05:59', NULL),
	(493, 1, 'Velasco Gomez Juan Pablo', 0, '2023-03-15 22:05:59', NULL),
	(494, 1, 'Xeque Xix Santos Angel', 0, '2023-03-15 22:05:59', NULL),
	(495, 1, 'Xul Dzul Jose Rodolfo', 0, '2023-03-15 22:05:59', NULL),
	(496, 1, 'Yah Ek Ademar Antonio', 0, '2023-03-15 22:05:59', NULL),
	(497, 1, 'Yah Haas Cristhoper Alexis', 0, '2023-03-15 22:05:59', NULL),
	(498, 1, 'Yam Gonzalez Jose Hernan Victorio', 0, '2023-03-15 22:05:59', NULL),
	(499, 1, 'Yam Pech Armando Jose', 0, '2023-03-15 22:05:59', NULL),
	(500, 1, 'Zaldivar Najera Miguel Alejandro', 0, '2023-03-15 22:05:59', NULL),
	(501, 1, 'sanchez coba fernando david.', 0, '2023-03-15 22:05:59', NULL),
	(502, 1, 'Zaldivar Najera Miguel Alejandro', 0, '2023-03-15 22:05:59', NULL),
	(503, 1, 'Sabido Martinez Aldemar Antonio', 0, '2023-03-15 22:05:59', NULL),
	(504, 1, 'MEDINA ABAN JAHIR DE JESUS', 0, '2023-03-15 22:05:59', NULL),
	(505, 1, 'Acosta Uc Jorge Andres', 0, '2023-03-15 22:05:59', NULL),
	(506, 1, 'Ake Huh Maximiliano', 0, '2023-03-15 22:05:59', NULL),
	(507, 1, 'Alonso Leal David', 0, '2023-03-15 22:05:59', NULL),
	(508, 1, 'Cabrera Palma Julian de Jesus', 0, '2023-03-15 22:05:59', NULL),
	(509, 1, 'Canul Colli Josue Elias', 0, '2023-03-15 22:05:59', NULL),
	(510, 1, 'Carrillo Poot Juan Jose', 0, '2023-03-15 22:05:59', NULL),
	(511, 1, 'Casanova Herrera Guillermo Ricardo', 0, '2023-03-15 22:05:59', NULL),
	(512, 1, 'Cauich Arce Luis Alberto', 0, '2023-03-15 22:05:59', NULL),
	(513, 1, 'Cauich Cante Jhonathan Geovany', 0, '2023-03-15 22:05:59', NULL),
	(514, 1, 'Dzul Martin Carlos Enrique', 0, '2023-03-15 22:05:59', NULL),
	(515, 1, 'Euan Can Eusebio Fabian', 0, '2023-03-15 22:05:59', NULL),
	(516, 1, 'Ku Santamaria Rodolfo Jhordy', 0, '2023-03-15 22:05:59', NULL),
	(517, 1, 'Molina Euan Ivan Enrique', 0, '2023-03-15 22:05:59', NULL),
	(518, 1, 'Moo Cen Kevin Alejandro', 0, '2023-03-15 22:05:59', NULL),
	(519, 1, 'Pino Perez Erik Enrique', 0, '2023-03-15 22:05:59', NULL),
	(520, 1, 'Puga Perez Angel Agustin', 0, '2023-03-15 22:05:59', NULL),
	(521, 1, 'Reyes Muñoz Armando', 0, '2023-03-15 22:05:59', NULL),
	(522, 1, 'Sarabia Tec Mariano', 0, '2023-03-15 22:05:59', NULL),
	(523, 1, 'Solis Felix Jordan Jesus', 0, '2023-03-15 22:05:59', NULL),
	(524, 1, 'Solis Puc Aureliano', 0, '2023-03-15 22:05:59', NULL),
	(525, 1, 'Sulu Mex Alberto Angel', 0, '2023-03-15 22:05:59', NULL),
	(526, 1, 'Tzuc Mira Anduars Sleyter', 0, '2023-03-15 22:05:59', NULL),
	(527, 1, 'Uh Chi Edwin Alejandro', 0, '2023-03-15 22:05:59', NULL),
	(528, 1, 'Valdez Baños Manuel Andres', 0, '2023-03-15 22:05:59', NULL),
	(529, 1, 'Vela Dominguez Walter Joaquin', 0, '2023-03-15 22:05:59', NULL),
	(530, 1, 'Geovany Alberto Garcia Mex', 0, '2023-03-15 22:05:59', NULL),
	(531, 1, 'Pedro Gilberto Uc Ayil', 0, '2023-03-15 22:05:59', NULL),
	(532, 1, 'Gilmer Antonio Cauich Chi', 0, '2023-03-15 22:05:59', NULL),
	(533, 1, 'Brayan Cel Moo', 0, '2023-03-15 22:05:59', NULL),
	(534, 1, 'uc ayil pedro', 0, '2023-03-15 22:05:59', NULL),
	(535, 1, 'Arcos Arias Jesus del Rosario', 0, '2023-03-15 22:05:59', NULL),
	(536, 1, 'Balam Pinto Bayron David Everson', 0, '2023-03-15 22:05:59', NULL),
	(537, 1, 'Casanova Herrera Gabriel Jesus', 0, '2023-03-15 22:05:59', NULL),
	(538, 1, 'Cel Moo Brayan Joaquin', 0, '2023-03-15 22:05:59', NULL),
	(539, 1, 'Cetina Chay Amilcar Aaron', 0, '2023-03-15 22:05:59', NULL),
	(540, 1, 'Colli Colli Marco Antonio', 0, '2023-03-15 22:05:59', NULL),
	(541, 1, 'Ku Santamaria Rodolfo Jhordy', 0, '2023-03-15 22:05:59', NULL),
	(542, 1, 'Manrique Perez Rolando Arcandio', 0, '2023-03-15 22:05:59', NULL),
	(543, 1, 'Pino Perez Erik Enrique', 0, '2023-03-15 22:05:59', NULL),
	(544, 1, 'Pino Perez Juan Antonio', 0, '2023-03-15 22:05:59', NULL),
	(545, 1, 'Tun Puch Didier Oswaldo', 0, '2023-03-15 22:05:59', NULL);

-- Volcando estructura para tabla cobi_2.0.registros
CREATE TABLE IF NOT EXISTS `registros` (
  `registro_id` int NOT NULL AUTO_INCREMENT,
  `sucursal_id` int NOT NULL,
  `unidad_id` int NOT NULL,
  `semana` int NOT NULL,
  `dia` varchar(50) CHARACTER SET utf8mb3 COLLATE utf8mb3_spanish_ci NOT NULL DEFAULT '',
  `fecha_entrada` date NOT NULL,
  `hora_salida` datetime NOT NULL,
  `fecha_salida` date NOT NULL,
  `hora_tablero` time NOT NULL,
  `alias_id` int NOT NULL,
  `operador_id` int NOT NULL,
  `km_salida` int NOT NULL,
  `km_entrada` int DEFAULT '0',
  `tiempo_ruta` time DEFAULT NULL,
  `hora_entrada` datetime DEFAULT NULL,
  `asignacion_id` int DEFAULT NULL,
  `usuario_id` int DEFAULT NULL,
  `observaciones` varchar(50) CHARACTER SET utf8mb3 COLLATE utf8mb3_spanish_ci DEFAULT NULL,
  `recorrido` int DEFAULT NULL,
  `litroscargados` int DEFAULT NULL,
  `rendimiento` int DEFAULT NULL,
  `totalpeso` int DEFAULT NULL,
  `estatus` int NOT NULL,
  `created_at` timestamp NOT NULL,
  `updated_at` timestamp NULL DEFAULT NULL,
  PRIMARY KEY (`registro_id`),
  KEY `FK_registros_alias` (`alias_id`),
  KEY `FK_registros_operadores` (`operador_id`),
  KEY `FK_registros_unidades` (`unidad_id`),
  KEY `sucursal_id` (`sucursal_id`),
  KEY `FK_registros_usuarios` (`usuario_id`),
  CONSTRAINT `FK_registros_alias` FOREIGN KEY (`alias_id`) REFERENCES `alias` (`alias_id`),
  CONSTRAINT `FK_registros_operadores` FOREIGN KEY (`operador_id`) REFERENCES `operadores` (`operador_id`),
  CONSTRAINT `FK_registros_sucursales` FOREIGN KEY (`sucursal_id`) REFERENCES `sucursales` (`sucursal_id`),
  CONSTRAINT `FK_registros_unidades` FOREIGN KEY (`unidad_id`) REFERENCES `unidades` (`unidad_id`),
  CONSTRAINT `FK_registros_usuarios` FOREIGN KEY (`usuario_id`) REFERENCES `usuarios` (`usuario_id`)
) ENGINE=InnoDB DEFAULT CHARSET=utf8mb3 COLLATE=utf8mb3_spanish_ci;

-- Volcando datos para la tabla cobi_2.0.registros: ~0 rows (aproximadamente)
DELETE FROM `registros`;

-- Volcando estructura para tabla cobi_2.0.rutas
CREATE TABLE IF NOT EXISTS `rutas` (
  `ruta_id` int NOT NULL AUTO_INCREMENT,
  `sucursal_id` int NOT NULL,
  `ruta_nombre` varchar(50) CHARACTER SET utf8mb3 COLLATE utf8mb3_spanish_ci DEFAULT NULL,
  `estatus` int DEFAULT NULL,
  `created_at` timestamp NULL DEFAULT NULL,
  `updated_at` timestamp NULL DEFAULT NULL,
  PRIMARY KEY (`ruta_id`),
  KEY `FK_rutas_sucursales` (`sucursal_id`),
  CONSTRAINT `FK_rutas_sucursales` FOREIGN KEY (`sucursal_id`) REFERENCES `sucursales` (`sucursal_id`)
) ENGINE=InnoDB AUTO_INCREMENT=143 DEFAULT CHARSET=utf8mb3 COLLATE=utf8mb3_spanish_ci;

-- Volcando datos para la tabla cobi_2.0.rutas: ~142 rows (aproximadamente)
DELETE FROM `rutas`;
INSERT INTO `rutas` (`ruta_id`, `sucursal_id`, `ruta_nombre`, `estatus`, `created_at`, `updated_at`) VALUES
	(0, 0, '-', 0, '2023-03-17 20:09:08', NULL),
	(1, 1, '01-NORTE', 0, '2023-03-15 22:05:59', NULL),
	(2, 1, '08-SUR', 0, '2023-03-15 22:05:59', NULL),
	(3, 1, '06-NORTE', 0, '2023-03-15 22:05:59', NULL),
	(4, 1, '19-NORTE', 0, '2023-03-15 22:05:59', NULL),
	(5, 1, '02-NORTE', 0, '2023-03-15 22:05:59', NULL),
	(6, 1, '13-SUR', 0, '2023-03-15 22:05:59', NULL),
	(7, 1, '03-NORTE', 0, '2023-03-15 22:05:59', NULL),
	(8, 1, '03-CAUCEL', 0, '2023-03-15 22:05:59', NULL),
	(9, 1, '04-NORTE', 0, '2023-03-15 22:05:59', NULL),
	(10, 1, '05-NORTE', 0, '2023-03-15 22:05:59', NULL),
	(11, 1, '10-NORTE', 0, '2023-03-15 22:05:59', NULL),
	(12, 1, '07-NORTE', 0, '2023-03-15 22:05:59', NULL),
	(13, 1, '11-NORTE', 0, '2023-03-15 22:05:59', NULL),
	(14, 1, '08-NORTE', 0, '2023-03-15 22:05:59', NULL),
	(15, 1, '09-NORTE', 0, '2023-03-15 22:05:59', NULL),
	(16, 1, '16-SUR', 0, '2023-03-15 22:05:59', NULL),
	(17, 1, '10-SUR', 0, '2023-03-15 22:05:59', NULL),
	(18, 1, '01-SUR', 0, '2023-03-15 22:05:59', NULL),
	(19, 1, '06-SUR', 0, '2023-03-15 22:05:59', NULL),
	(20, 1, '02-SUR', 0, '2023-03-15 22:05:59', NULL),
	(21, 1, '12-SUR', 0, '2023-03-15 22:05:59', NULL),
	(22, 1, '03-SUR', 0, '2023-03-15 22:05:59', NULL),
	(23, 1, '09-SUR', 0, '2023-03-15 22:05:59', NULL),
	(24, 1, '04-SUR', 0, '2023-03-15 22:05:59', NULL),
	(25, 1, '10-SUR', 0, '2023-03-15 22:05:59', NULL),
	(26, 1, '05-SUR', 0, '2023-03-15 22:05:59', NULL),
	(27, 1, '12-NORTE', 0, '2023-03-15 22:05:59', NULL),
	(28, 1, '01-CAUCEL', 0, '2023-03-15 22:05:59', NULL),
	(29, 1, '13-NORTE', 0, '2023-03-15 22:05:59', NULL),
	(30, 1, '03-CAUCEL', 0, '2023-03-15 22:05:59', NULL),
	(31, 1, '15-NORTE', 0, '2023-03-15 22:05:59', NULL),
	(32, 1, '04-CAUCEL', 0, '2023-03-15 22:05:59', NULL),
	(33, 1, '14-NORTE', 0, '2023-03-15 22:05:59', NULL),
	(34, 1, '07-SUR', 0, '2023-03-15 22:05:59', NULL),
	(35, 1, '18-DII', 0, '2023-03-15 22:05:59', NULL),
	(36, 1, '05-CAUCEL', 0, '2023-03-15 22:05:59', NULL),
	(37, 1, '01-PONIENTE', 0, '2023-03-15 22:05:59', NULL),
	(38, 1, '03-PONIENTE', 0, '2023-03-15 22:05:59', NULL),
	(39, 1, '02-PONIENTE', 0, '2023-03-15 22:05:59', NULL),
	(40, 1, '05-PONIENTE', 0, '2023-03-15 22:05:59', NULL),
	(41, 1, '04-PONIENTE', 0, '2023-03-15 22:05:59', NULL),
	(42, 1, 'COMISARIAS', 0, '2023-03-15 22:05:59', NULL),
	(43, 1, 'COMERCIAL', 0, '2023-03-15 22:05:59', NULL),
	(44, 1, '02-CAUCEL', 0, '2023-03-15 22:05:59', NULL),
	(45, 1, '04-YUCALPETEC', 0, '2023-03-15 22:05:59', NULL),
	(46, 1, '19 y 20 DII, CAUCEL', 0, '2023-03-15 22:05:59', NULL),
	(47, 1, '11-SUR', 0, '2023-03-15 22:05:59', NULL),
	(48, 1, '16-NORTE', 0, '2023-03-15 22:05:59', NULL),
	(49, 1, '06-CAUCEL', 0, '2023-03-15 22:05:59', NULL),
	(50, 1, '07-PONIENTE', 0, '2023-03-15 22:05:59', NULL),
	(51, 1, '21-NORTE', 0, '2023-03-15 22:05:59', NULL),
	(52, 1, 'RCK1', 0, '2023-03-15 22:05:59', NULL),
	(53, 1, 'RCK2', 0, '2023-03-15 22:05:59', NULL),
	(54, 1, 'RCK3', 0, '2023-03-15 22:05:59', NULL),
	(55, 1, 'RCK4', 0, '2023-03-15 22:05:59', NULL),
	(56, 1, 'RCK5', 0, '2023-03-15 22:05:59', NULL),
	(57, 1, 'RNK1', 0, '2023-03-15 22:05:59', NULL),
	(58, 1, 'RNK2', 0, '2023-03-15 22:05:59', NULL),
	(59, 1, 'RNK3', 0, '2023-03-15 22:05:59', NULL),
	(60, 1, 'RNK4', 0, '2023-03-15 22:05:59', NULL),
	(61, 1, 'RNK5', 0, '2023-03-15 22:05:59', NULL),
	(62, 1, 'RSK1', 0, '2023-03-15 22:05:59', NULL),
	(63, 1, 'RSK2', 0, '2023-03-15 22:05:59', NULL),
	(64, 1, 'RSK3', 0, '2023-03-15 22:05:59', NULL),
	(65, 1, 'RSK4', 0, '2023-03-15 22:05:59', NULL),
	(66, 1, 'RSK5', 0, '2023-03-15 22:05:59', NULL),
	(67, 1, 'R6KD', 0, '2023-03-15 22:05:59', NULL),
	(68, 1, 'R1ND', 0, '2023-03-15 22:05:59', NULL),
	(69, 1, 'R2ND', 0, '2023-03-15 22:05:59', NULL),
	(70, 1, 'R3ND', 0, '2023-03-15 22:05:59', NULL),
	(71, 1, 'R4ND', 0, '2023-03-15 22:05:59', NULL),
	(72, 1, 'R5ND', 0, '2023-03-15 22:05:59', NULL),
	(73, 1, 'R6ND', 0, '2023-03-15 22:05:59', NULL),
	(74, 1, 'R7ND', 0, '2023-03-15 22:05:59', NULL),
	(75, 1, 'R8SD', 0, '2023-03-15 22:05:59', NULL),
	(76, 1, 'R9SD', 0, '2023-03-15 22:05:59', NULL),
	(77, 1, 'R10ND', 0, '2023-03-15 22:05:59', NULL),
	(78, 1, 'R11ND', 0, '2023-03-15 22:05:59', NULL),
	(79, 1, 'R12ND', 0, '2023-03-15 22:05:59', NULL),
	(80, 1, 'R13ND', 0, '2023-03-15 22:05:59', NULL),
	(81, 1, 'R14ND', 0, '2023-03-15 22:05:59', NULL),
	(82, 1, 'R15ND', 0, '2023-03-15 22:05:59', NULL),
	(83, 1, 'R1NN', 0, '2023-03-15 22:05:59', NULL),
	(84, 1, 'R2NN', 0, '2023-03-15 22:05:59', NULL),
	(85, 1, 'R3NN', 0, '2023-03-15 22:05:59', NULL),
	(86, 1, 'R4NN', 0, '2023-03-15 22:05:59', NULL),
	(87, 1, 'R5NN', 0, '2023-03-15 22:05:59', NULL),
	(88, 1, 'R6NN', 0, '2023-03-15 22:05:59', NULL),
	(89, 1, 'R7NN', 0, '2023-03-15 22:05:59', NULL),
	(90, 1, 'R8NN', 0, '2023-03-15 22:05:59', NULL),
	(91, 1, 'R9NN', 0, '2023-03-15 22:05:59', NULL),
	(92, 1, 'R10NN', 0, '2023-03-15 22:05:59', NULL),
	(93, 1, 'R11NN', 0, '2023-03-15 22:05:59', NULL),
	(94, 1, 'R1SD', 0, '2023-03-15 22:05:59', NULL),
	(95, 1, 'R2SD', 0, '2023-03-15 22:05:59', NULL),
	(96, 1, 'R3SD', 0, '2023-03-15 22:05:59', NULL),
	(97, 1, 'R4SD', 0, '2023-03-15 22:05:59', NULL),
	(98, 1, 'R5SD', 0, '2023-03-15 22:05:59', NULL),
	(99, 1, 'R6SD', 0, '2023-03-15 22:05:59', NULL),
	(100, 1, 'R7SD', 0, '2023-03-15 22:05:59', NULL),
	(101, 1, 'R8ND', 0, '2023-03-15 22:05:59', NULL),
	(102, 1, 'R9ND', 0, '2023-03-15 22:05:59', NULL),
	(103, 1, 'CR1D', 0, '2023-03-15 22:05:59', NULL),
	(104, 1, 'CR2D', 0, '2023-03-15 22:05:59', NULL),
	(105, 1, 'CR3D', 0, '2023-03-15 22:05:59', NULL),
	(106, 1, 'CR4D', 0, '2023-03-15 22:05:59', NULL),
	(107, 1, 'CR5D', 0, '2023-03-15 22:05:59', NULL),
	(108, 1, 'CR6D', 0, '2023-03-15 22:05:59', NULL),
	(109, 1, 'R1SN', 0, '2023-03-15 22:05:59', NULL),
	(110, 1, 'R2SN', 0, '2023-03-15 22:05:59', NULL),
	(111, 1, 'R3SN', 0, '2023-03-15 22:05:59', NULL),
	(112, 1, 'R4SN', 0, '2023-03-15 22:05:59', NULL),
	(113, 1, 'R5SN', 0, '2023-03-15 22:05:59', NULL),
	(114, 1, 'R6SN', 0, '2023-03-15 22:05:59', NULL),
	(115, 1, 'R7SN', 0, '2023-03-15 22:05:59', NULL),
	(116, 1, 'R8SN', 0, '2023-03-15 22:05:59', NULL),
	(117, 1, 'R9SN', 0, '2023-03-15 22:05:59', NULL),
	(118, 1, 'CR1N', 0, '2023-03-15 22:05:59', NULL),
	(119, 1, 'CR2N', 0, '2023-03-15 22:05:59', NULL),
	(120, 1, 'BACHOCO', 0, '2023-03-15 22:05:59', NULL),
	(121, 1, 'ESPECIAL', 0, '2023-03-15 22:05:59', NULL),
	(122, 1, 'COMERCIAL', 0, '2023-03-15 22:05:59', NULL),
	(123, 1, 'R12NN', 0, '2023-03-15 22:05:59', NULL),
	(124, 1, 'R13NN', 0, '2023-03-15 22:05:59', NULL),
	(125, 1, 'R17ND', 0, '2023-03-15 22:05:59', NULL),
	(126, 1, 'R10ND', 0, '2023-03-15 22:05:59', NULL),
	(127, 1, 'apoyo', 0, '2023-03-15 22:05:59', NULL),
	(128, 1, 'RSK6', 0, '2023-03-15 22:05:59', NULL),
	(129, 1, 'RNK6', 0, '2023-03-15 22:05:59', NULL),
	(130, 1, 'RCK6', 0, '2023-03-15 22:05:59', NULL),
	(131, 1, 'CR7D', 0, '2023-03-15 22:05:59', NULL),
	(132, 1, 'R10SN', 0, '2023-03-15 22:05:59', NULL),
	(133, 1, 'R10SD', 0, '2023-03-15 22:05:59', NULL),
	(134, 1, 'R1UD', 0, '2023-03-15 22:05:59', NULL),
	(135, 1, 'R2UD', 0, '2023-03-15 22:05:59', NULL),
	(136, 1, 'R3UD', 0, '2023-03-15 22:05:59', NULL),
	(137, 1, 'R4UD', 0, '2023-03-15 22:05:59', NULL),
	(138, 1, 'R5UD', 0, '2023-03-15 22:05:59', NULL),
	(139, 1, 'R6UD', 0, '2023-03-15 22:05:59', NULL),
	(140, 1, 'R16ND', 0, '2023-03-17 18:18:05', NULL),
	(141, 1, 'R7KD', 0, '2023-03-17 18:18:14', NULL);

-- Volcando estructura para tabla cobi_2.0.sucursales
CREATE TABLE IF NOT EXISTS `sucursales` (
  `sucursal_id` int NOT NULL AUTO_INCREMENT,
  `empresa_id` int NOT NULL,
  `sucursal_nombre` varchar(50) CHARACTER SET utf8mb3 COLLATE utf8mb3_spanish_ci NOT NULL,
  `estatus` int NOT NULL,
  `created_at` timestamp NOT NULL,
  `updated_at` timestamp NULL DEFAULT NULL,
  PRIMARY KEY (`sucursal_id`) USING BTREE,
  KEY `FK_sucursales_empresas` (`empresa_id`),
  CONSTRAINT `FK_sucursales_empresas` FOREIGN KEY (`empresa_id`) REFERENCES `empresas` (`empresa_id`)
) ENGINE=InnoDB AUTO_INCREMENT=3 DEFAULT CHARSET=utf8mb3 COLLATE=utf8mb3_spanish_ci;

-- Volcando datos para la tabla cobi_2.0.sucursales: ~2 rows (aproximadamente)
DELETE FROM `sucursales`;
INSERT INTO `sucursales` (`sucursal_id`, `empresa_id`, `sucursal_nombre`, `estatus`, `created_at`, `updated_at`) VALUES
	(0, 0, 'general', 0, '2023-03-17 20:07:38', NULL),
	(1, 1, 'encierro', 0, '2023-03-16 17:51:28', NULL);

-- Volcando estructura para tabla cobi_2.0.tickets
CREATE TABLE IF NOT EXISTS `tickets` (
  `ticket_id` int NOT NULL AUTO_INCREMENT,
  `sucursal_id` int NOT NULL,
  `folio` varchar(50) CHARACTER SET utf8mb3 COLLATE utf8mb3_spanish_ci NOT NULL,
  `unidad_id` int NOT NULL,
  `fecha` date NOT NULL,
  `peso` int NOT NULL,
  `destinofinal_id` int NOT NULL,
  `estatus` int NOT NULL,
  `created_at` timestamp NOT NULL,
  `updated_at` timestamp NULL DEFAULT NULL,
  PRIMARY KEY (`ticket_id`),
  KEY `FK_tickets_unidades` (`unidad_id`),
  KEY `FK_tickets_destinofinal` (`destinofinal_id`),
  KEY `FK_tickets_sucursales` (`sucursal_id`),
  CONSTRAINT `FK_tickets_destinofinal` FOREIGN KEY (`destinofinal_id`) REFERENCES `destinofinal` (`destinofinal_id`),
  CONSTRAINT `FK_tickets_sucursales` FOREIGN KEY (`sucursal_id`) REFERENCES `sucursales` (`sucursal_id`),
  CONSTRAINT `FK_tickets_unidades` FOREIGN KEY (`unidad_id`) REFERENCES `unidades` (`unidad_id`)
) ENGINE=InnoDB AUTO_INCREMENT=22 DEFAULT CHARSET=utf8mb3 COLLATE=utf8mb3_spanish_ci;

-- Volcando datos para la tabla cobi_2.0.tickets: ~21 rows (aproximadamente)
DELETE FROM `tickets`;
INSERT INTO `tickets` (`ticket_id`, `sucursal_id`, `folio`, `unidad_id`, `fecha`, `peso`, `destinofinal_id`, `estatus`, `created_at`, `updated_at`) VALUES
	(0, 0, '0', 0, '2023-03-17', 0, 0, 0, '2023-03-17 20:17:01', NULL),
	(1, 1, '1', 6, '2023-12-03', 123, 2, 0, '2023-03-17 18:46:29', NULL),
	(2, 1, '2', 6, '2023-12-03', 1234, 9, 0, '2023-03-17 18:46:52', NULL),
	(3, 1, '3', 6, '2023-12-03', 45, 2, 0, '2023-03-17 18:47:17', NULL),
	(4, 1, '4', 6, '2023-03-17', 53, 2, 0, '2023-03-17 18:47:44', NULL),
	(5, 1, '5', 6, '2023-03-03', 56, 2, 0, '2023-03-17 18:48:15', NULL),
	(6, 1, '6', 6, '2023-03-17', 90, 2, 0, '2023-03-17 18:48:47', NULL),
	(7, 1, '7', 6, '2023-03-17', 1234, 2, 0, '2023-03-17 18:49:12', NULL),
	(8, 1, '8', 6, '2023-03-17', 12, 2, 0, '2023-03-17 18:49:33', NULL),
	(9, 1, '9', 6, '0000-00-00', 56657, 2, 0, '2023-03-17 18:49:55', NULL),
	(10, 1, '10', 6, '2023-03-17', 234, 2, 0, '2023-03-17 18:50:17', NULL),
	(11, 1, '11', 7, '2023-03-17', 123, 2, 0, '2023-03-17 18:50:45', NULL),
	(12, 1, '12', 7, '2023-03-17', 123, 2, 0, '2023-03-17 18:51:10', NULL),
	(13, 1, '13', 7, '2023-03-17', 98, 2, 0, '2023-03-17 18:51:33', NULL),
	(14, 1, '14', 7, '2023-03-17', 565, 5, 0, '2023-03-17 18:52:36', NULL),
	(15, 1, '15', 7, '2023-03-17', 65, 8, 0, '2023-03-17 18:52:55', NULL),
	(16, 1, '16', 7, '2023-03-17', 456, 3, 0, '2023-03-17 18:53:25', NULL),
	(17, 1, '17', 7, '2023-03-17', 673, 4, 0, '2023-03-17 18:53:51', NULL),
	(18, 1, '18', 7, '2023-03-17', 789, 10, 0, '2023-03-17 18:54:26', NULL),
	(19, 1, '19', 7, '2023-03-17', 111, 5, 0, '2023-03-17 18:54:56', NULL),
	(20, 1, '20', 7, '2023-03-17', 6875, 1, 0, '2023-03-17 18:55:22', NULL);

-- Volcando estructura para tabla cobi_2.0.tiros
CREATE TABLE IF NOT EXISTS `tiros` (
  `tiros_id` int NOT NULL AUTO_INCREMENT,
  `registro_id` int NOT NULL,
  `numtiros` int NOT NULL,
  `tiro1` int NOT NULL,
  `tiro2` int NOT NULL,
  `tiro3` int NOT NULL,
  `tiro4` int NOT NULL,
  `tiro5` int NOT NULL,
  `tiro6` int NOT NULL,
  `tiro7` int NOT NULL,
  `tiro8` int NOT NULL,
  `tiro9` int NOT NULL,
  `tiro10` int NOT NULL,
  `created_at` timestamp NOT NULL,
  `updated_at` timestamp NULL DEFAULT NULL,
  PRIMARY KEY (`tiros_id`),
  KEY `FK_tiros_registros` (`registro_id`),
  KEY `FK_tiros_tickets` (`tiro1`),
  KEY `FK_tiros_tickets_2` (`tiro2`),
  KEY `FK_tiros_tickets_3` (`tiro3`),
  KEY `FK_tiros_tickets_4` (`tiro4`),
  KEY `FK_tiros_tickets_5` (`tiro5`),
  KEY `FK_tiros_tickets_6` (`tiro6`),
  KEY `FK_tiros_tickets_7` (`tiro7`),
  KEY `FK_tiros_tickets_8` (`tiro8`),
  KEY `FK_tiros_tickets_9` (`tiro9`),
  KEY `FK_tiros_tickets_10` (`tiro10`),
  CONSTRAINT `FK_tiros_registros` FOREIGN KEY (`registro_id`) REFERENCES `registros` (`registro_id`),
  CONSTRAINT `FK_tiros_tickets` FOREIGN KEY (`tiro1`) REFERENCES `tickets` (`ticket_id`),
  CONSTRAINT `FK_tiros_tickets_10` FOREIGN KEY (`tiro10`) REFERENCES `tickets` (`ticket_id`),
  CONSTRAINT `FK_tiros_tickets_2` FOREIGN KEY (`tiro2`) REFERENCES `tickets` (`ticket_id`),
  CONSTRAINT `FK_tiros_tickets_3` FOREIGN KEY (`tiro3`) REFERENCES `tickets` (`ticket_id`),
  CONSTRAINT `FK_tiros_tickets_4` FOREIGN KEY (`tiro4`) REFERENCES `tickets` (`ticket_id`),
  CONSTRAINT `FK_tiros_tickets_5` FOREIGN KEY (`tiro5`) REFERENCES `tickets` (`ticket_id`),
  CONSTRAINT `FK_tiros_tickets_6` FOREIGN KEY (`tiro6`) REFERENCES `tickets` (`ticket_id`),
  CONSTRAINT `FK_tiros_tickets_7` FOREIGN KEY (`tiro7`) REFERENCES `tickets` (`ticket_id`),
  CONSTRAINT `FK_tiros_tickets_8` FOREIGN KEY (`tiro8`) REFERENCES `tickets` (`ticket_id`),
  CONSTRAINT `FK_tiros_tickets_9` FOREIGN KEY (`tiro9`) REFERENCES `tickets` (`ticket_id`)
) ENGINE=InnoDB AUTO_INCREMENT=2 DEFAULT CHARSET=utf8mb3 COLLATE=utf8mb3_spanish_ci;

-- Volcando datos para la tabla cobi_2.0.tiros: ~0 rows (aproximadamente)
DELETE FROM `tiros`;

-- Volcando estructura para tabla cobi_2.0.tripulacion
CREATE TABLE IF NOT EXISTS `tripulacion` (
  `tripulacion_id` int NOT NULL AUTO_INCREMENT,
  `registro_id` int NOT NULL,
  `numrecolectores` int NOT NULL,
  `recolector1` int DEFAULT '0',
  `recolector2` int DEFAULT '0',
  `recolector3` int DEFAULT '0',
  `recolector4` int DEFAULT '0',
  `recolector5` int DEFAULT '0',
  `created_at` timestamp NOT NULL,
  `updated_at` timestamp NULL DEFAULT NULL,
  PRIMARY KEY (`tripulacion_id`),
  KEY `FK_tripulacion_registros` (`registro_id`),
  KEY `FK_tripulacion_recolectores` (`recolector1`),
  KEY `FK_tripulacion_recolectores_2` (`recolector2`),
  KEY `FK_tripulacion_recolectores_3` (`recolector3`),
  KEY `FK_tripulacion_recolectores_4` (`recolector4`),
  KEY `FK_tripulacion_recolectores_5` (`recolector5`),
  CONSTRAINT `FK_tripulacion_recolectores` FOREIGN KEY (`recolector1`) REFERENCES `recolectores` (`recolector_id`),
  CONSTRAINT `FK_tripulacion_recolectores_2` FOREIGN KEY (`recolector2`) REFERENCES `recolectores` (`recolector_id`),
  CONSTRAINT `FK_tripulacion_recolectores_3` FOREIGN KEY (`recolector3`) REFERENCES `recolectores` (`recolector_id`),
  CONSTRAINT `FK_tripulacion_recolectores_4` FOREIGN KEY (`recolector4`) REFERENCES `recolectores` (`recolector_id`),
  CONSTRAINT `FK_tripulacion_recolectores_5` FOREIGN KEY (`recolector5`) REFERENCES `recolectores` (`recolector_id`),
  CONSTRAINT `FK_tripulacion_registros` FOREIGN KEY (`registro_id`) REFERENCES `registros` (`registro_id`)
) ENGINE=InnoDB DEFAULT CHARSET=utf8mb3 COLLATE=utf8mb3_spanish_ci;

-- Volcando datos para la tabla cobi_2.0.tripulacion: ~0 rows (aproximadamente)
DELETE FROM `tripulacion`;

-- Volcando estructura para tabla cobi_2.0.turnos
CREATE TABLE IF NOT EXISTS `turnos` (
  `turno_id` int NOT NULL AUTO_INCREMENT,
  `sucursal_id` int NOT NULL,
  `turno_nombre` varchar(50) CHARACTER SET utf8mb3 COLLATE utf8mb3_spanish_ci DEFAULT NULL,
  `estatus` int DEFAULT NULL,
  `created_at` timestamp NULL DEFAULT NULL,
  `updated_at` timestamp NULL DEFAULT NULL,
  PRIMARY KEY (`turno_id`),
  KEY `FK_turnos_sucursales` (`sucursal_id`),
  CONSTRAINT `FK_turnos_sucursales` FOREIGN KEY (`sucursal_id`) REFERENCES `sucursales` (`sucursal_id`)
) ENGINE=InnoDB AUTO_INCREMENT=4 DEFAULT CHARSET=utf8mb3 COLLATE=utf8mb3_spanish_ci;

-- Volcando datos para la tabla cobi_2.0.turnos: ~0 rows (aproximadamente)
DELETE FROM `turnos`;
INSERT INTO `turnos` (`turno_id`, `sucursal_id`, `turno_nombre`, `estatus`, `created_at`, `updated_at`) VALUES
	(0, 0, 'general', 0, '2023-03-17 20:08:09', NULL),
	(1, 1, 'Diurno', 0, '2023-03-17 17:43:43', NULL),
	(2, 1, 'Nocturno', 0, '2023-03-17 17:43:51', NULL);

-- Volcando estructura para tabla cobi_2.0.unidades
CREATE TABLE IF NOT EXISTS `unidades` (
  `unidad_id` int NOT NULL AUTO_INCREMENT,
  `sucursal_id` int NOT NULL,
  `unidad_numero` varchar(50) CHARACTER SET utf8mb3 COLLATE utf8mb3_spanish_ci DEFAULT NULL,
  `unidad_placas` varchar(50) CHARACTER SET utf8mb3 COLLATE utf8mb3_spanish_ci DEFAULT NULL,
  `estatus` int DEFAULT NULL,
  `created_at` timestamp NULL DEFAULT NULL,
  `updated_at` timestamp NULL DEFAULT NULL,
  PRIMARY KEY (`unidad_id`),
  KEY `FK_unidades_sucursales` (`sucursal_id`),
  CONSTRAINT `FK_unidades_sucursales` FOREIGN KEY (`sucursal_id`) REFERENCES `sucursales` (`sucursal_id`)
) ENGINE=InnoDB AUTO_INCREMENT=62 DEFAULT CHARSET=utf8mb3 COLLATE=utf8mb3_spanish_ci;

-- Volcando datos para la tabla cobi_2.0.unidades: ~0 rows (aproximadamente)
DELETE FROM `unidades`;
INSERT INTO `unidades` (`unidad_id`, `sucursal_id`, `unidad_numero`, `unidad_placas`, `estatus`, `created_at`, `updated_at`) VALUES
	(0, 0, '-', '-', 0, '2023-03-17 20:10:23', NULL),
	(1, 1, 'C-01', 'YU-8950-C', 0, '2023-03-15 22:05:59', NULL),
	(2, 1, 'N-48', 'YU-8951-C', 0, '2023-03-15 22:05:59', NULL),
	(3, 1, 'N-49', 'YU-8947-C', 0, '2023-03-15 22:05:59', NULL),
	(4, 1, 'N-47', 'YN-8077-B', 0, '2023-03-15 22:05:59', NULL),
	(5, 1, 'C-05', 'YU-8955-C', 0, '2023-03-15 22:05:59', NULL),
	(6, 1, 'N-01', 'YU-8949-C', 0, '2023-03-15 22:05:59', NULL),
	(7, 1, 'N-02', 'YU-8953-C', 0, '2023-03-15 22:05:59', NULL),
	(8, 1, 'N-03', 'YT-7183-C', 0, '2023-03-15 22:05:59', NULL),
	(9, 1, 'N-04', 'YU-8950-C', 0, '2023-03-15 22:05:59', NULL),
	(10, 1, 'N-05', 'YU-8954-C', 0, '2023-03-15 22:05:59', NULL),
	(11, 1, 'N-06', 'YT-7183-A', 0, '2023-03-15 22:05:59', NULL),
	(12, 1, 'N-08', 'YU-8956-C', 0, '2023-03-15 22:05:59', NULL),
	(13, 1, 'N-09', 'YR-2446-C', 0, '2023-03-15 22:05:59', NULL),
	(14, 1, 'N-12', 'YT-7184-C', 0, '2023-03-15 22:05:59', NULL),
	(15, 1, 'N-14', 'YT-7185-C', 0, '2023-03-15 22:05:59', NULL),
	(16, 1, 'N-15', 'YU-8959-C', 0, '2023-03-15 22:05:59', NULL),
	(17, 1, 'N-16', 'YU-8946-C', 0, '2023-03-15 22:05:59', NULL),
	(18, 1, 'N-17', 'YU-8957-C', 0, '2023-03-15 22:05:59', NULL),
	(19, 1, 'N-18', 'YU-8958-C', 0, '2023-03-15 22:05:59', NULL),
	(20, 1, 'N-19', 'YT-7186-C', 0, '2023-03-15 22:05:59', NULL),
	(21, 1, 'N-20', 'YT-7198-C', 0, '2023-03-15 22:05:59', NULL),
	(22, 1, 'N-21', 'YT-7187-C', 0, '2023-03-15 22:05:59', NULL),
	(23, 1, 'N-22', 'YT-7188-C', 0, '2023-03-15 22:05:59', NULL),
	(24, 1, 'N-24', 'YT-0091-C', 0, '2023-03-15 22:05:59', NULL),
	(25, 1, 'N-25', 'YT-0090-C', 0, '2023-03-15 22:05:59', NULL),
	(26, 1, 'N-26', 'YT-0087-C', 0, '2023-03-15 22:05:59', NULL),
	(27, 1, 'S-05', 'YT-7190-C', 0, '2023-03-15 22:05:59', NULL),
	(28, 1, 'S-06', 'YU-7662-A', 0, '2023-03-15 22:05:59', NULL),
	(29, 1, 'S-10', 'YT-7191-C', 0, '2023-03-15 22:05:59', NULL),
	(30, 1, 'S-12', 'YT-7192-C', 0, '2023-03-15 22:05:59', NULL),
	(31, 1, 'S-13', 'YT-7193-C', 0, '2023-03-15 22:05:59', NULL),
	(32, 1, 'S-14', 'YT-7194-C', 0, '2023-03-15 22:05:59', NULL),
	(33, 1, 'S-15', 'YT-795-C', 0, '2023-03-15 22:05:59', NULL),
	(34, 1, 'S-16', 'YT-7196-C', 0, '2023-03-15 22:05:59', NULL),
	(35, 1, 'S-17', 'YT-7197-C', 0, '2023-03-15 22:05:59', NULL),
	(36, 1, 'N-30', 'YR-7422-B', 0, '2023-03-15 22:05:59', NULL),
	(37, 1, 'N-31', '70-FA-4B', 0, '2023-03-15 22:05:59', NULL),
	(38, 1, 'N-32', 'YN-0045-D', 0, '2023-03-15 22:05:59', NULL),
	(39, 1, 'N-33', 'YS-2512-B', 0, '2023-03-15 22:05:59', NULL),
	(40, 1, 'N-37', 'YT-0081-C', 0, '2023-03-15 22:05:59', NULL),
	(41, 1, 'N-36', 'YT-0082-C', 0, '2023-03-15 22:05:59', NULL),
	(42, 1, 'N-38', 'YT-2245-C', 0, '2023-03-15 22:05:59', NULL),
	(43, 1, 'N-39', 'YT-2248-C', 0, '2023-03-15 22:05:59', NULL),
	(44, 1, 'N-40', 'YT-2246-C', 0, '2023-03-15 22:05:59', NULL),
	(45, 1, 'N-41', 'YT-2247-C', 0, '2023-03-15 22:05:59', NULL),
	(46, 1, 'CS-01', 'YS-7464-A', 0, '2023-03-15 22:05:59', NULL),
	(47, 1, 'N-42', 'YR-3906-C', 0, '2023-03-15 22:05:59', NULL),
	(48, 1, 'N-43', 'YR-3905-C', 0, '2023-03-15 22:05:59', NULL),
	(49, 1, 'N-44', 'YU-7067-C', 0, '2023-03-15 22:05:59', NULL),
	(50, 1, 'N-45', 'YU-7066-C', 0, '2023-03-15 22:05:59', NULL),
	(51, 1, 'N-46', 'YU-7065-C', 0, '2023-03-15 22:05:59', NULL),
	(52, 1, 'KW-01', '01-02-03', 0, '2023-03-15 22:05:59', NULL),
	(53, 1, 'RS-36', 'YP-2234-D', 0, '2023-03-15 22:05:59', NULL),
	(54, 1, 'VOL-REN', 'YN-0054-D', 0, '2023-03-15 22:05:59', NULL),
	(55, 1, 'T-02', '15AB5S', 0, '2023-03-15 22:05:59', NULL),
	(56, 1, 'N-50', 'YR-4011-D', 0, '2023-03-15 22:05:59', NULL),
	(57, 1, 'N-51', 'YU-8955-C', 0, '2023-03-15 22:05:59', NULL),
	(58, 1, 'N-52', 'YU-8950-C', 0, '2023-03-15 22:05:59', NULL),
	(59, 1, 'N-53', 'YR-9466-D', 0, '2023-03-15 22:05:59', NULL),
	(60, 1, 'N-53', 'YR-9466-D', 0, '2023-03-15 22:05:59', NULL);

-- Volcando estructura para tabla cobi_2.0.usuarios
CREATE TABLE IF NOT EXISTS `usuarios` (
  `usuario_id` int NOT NULL AUTO_INCREMENT,
  `username` varchar(255) NOT NULL,
  `password` varchar(255) NOT NULL,
  `sucursal_id` int DEFAULT NULL,
  `email` varchar(255) NOT NULL,
  `nombres` varchar(255) CHARACTER SET utf8mb3 COLLATE utf8mb3_general_ci NOT NULL,
  `apellidos` varchar(255) CHARACTER SET utf8mb3 COLLATE utf8mb3_general_ci NOT NULL,
  `telefono` varchar(255) CHARACTER SET utf8mb3 COLLATE utf8mb3_general_ci NOT NULL,
  `genero` int NOT NULL,
  `estatus` int NOT NULL,
  `created_at` timestamp NULL DEFAULT NULL,
  `updated_at` timestamp NULL DEFAULT NULL,
  PRIMARY KEY (`usuario_id`) USING BTREE,
  KEY `FK_users_sucursales` (`sucursal_id`),
  CONSTRAINT `FK_usuarios_sucursales` FOREIGN KEY (`sucursal_id`) REFERENCES `sucursales` (`sucursal_id`)
) ENGINE=InnoDB AUTO_INCREMENT=3 DEFAULT CHARSET=utf8mb3;

-- Volcando datos para la tabla cobi_2.0.usuarios: ~0 rows (aproximadamente)
DELETE FROM `usuarios`;
INSERT INTO `usuarios` (`usuario_id`, `username`, `password`, `sucursal_id`, `email`, `nombres`, `apellidos`, `telefono`, `genero`, `estatus`, `created_at`, `updated_at`) VALUES
	(1, 'admin', '$2y$10$ZrBk2zWOLhPAaOhncDBJv.pKAfhFYywahFQXY4NXDmhOcaRtLdAfS', 0, 'admin@admin.com', 'admin', 'admin', '12345678910', 1, 0, '2023-03-16 17:52:26', NULL),
	(2, 'vigilante', '$2y$10$3gVB2NOZRB72oJ8cE680LuNliQlWI3lM6kb0zubl8aObEh5K4bczO', 1, 'vigilante@vigilante.com', 'vigilante', 'vigilante', '9994887756', 1, 0, '2023-03-17 18:40:10', NULL);

-- Volcando estructura para tabla cobi_2.0.usuarios_grupos
CREATE TABLE IF NOT EXISTS `usuarios_grupos` (
  `usuario_grupo_id` int NOT NULL AUTO_INCREMENT,
  `usuario_id` int NOT NULL,
  `grupo_id` int NOT NULL,
  PRIMARY KEY (`usuario_grupo_id`) USING BTREE,
  KEY `FK_usuario_grupo_usuarios` (`usuario_id`),
  KEY `FK_usuario_grupo_grupos` (`grupo_id`),
  CONSTRAINT `FK_usuario_grupo_grupos` FOREIGN KEY (`grupo_id`) REFERENCES `grupos` (`grupo_id`),
  CONSTRAINT `FK_usuario_grupo_usuarios` FOREIGN KEY (`usuario_id`) REFERENCES `usuarios` (`usuario_id`)
) ENGINE=InnoDB AUTO_INCREMENT=3 DEFAULT CHARSET=utf8mb3;

-- Volcando datos para la tabla cobi_2.0.usuarios_grupos: ~2 rows (aproximadamente)
DELETE FROM `usuarios_grupos`;
INSERT INTO `usuarios_grupos` (`usuario_grupo_id`, `usuario_id`, `grupo_id`) VALUES
	(1, 1, 1),
	(2, 2, 2);

/*!40103 SET TIME_ZONE=IFNULL(@OLD_TIME_ZONE, 'system') */;
/*!40101 SET SQL_MODE=IFNULL(@OLD_SQL_MODE, '') */;
/*!40014 SET FOREIGN_KEY_CHECKS=IFNULL(@OLD_FOREIGN_KEY_CHECKS, 1) */;
/*!40101 SET CHARACTER_SET_CLIENT=@OLD_CHARACTER_SET_CLIENT */;
/*!40111 SET SQL_NOTES=IFNULL(@OLD_SQL_NOTES, 1) */;
